student_id,age,gender,study_hours,attendance_rate,assignment_score,midterm_score,final_score,internet_access,parent_education,sleep_hours,part_time_job,stress_level,extracurricular,final_grade,discretized_age,discretized_study_hours,gender_transformed,internet_access_transformed,part_time_job_transformed,extracurricular_transformed,parent_education_transformed,final_grade_transformed
1,24,Female,3.06,0.24837418709354675,0.6752862947912819,0.511979091041092,0.7287533313591947,No,PhD,7.48,Yes,0.125,Yes,B,Older,Medium,1,0,1,1,3,3
2,21,Male,3.26,0.1335667833916956,0.5727742888806797,0.05401481051255991,0.7508143322475571,Yes,High School,6.87,Yes,0.625,No,F,Middle,Medium,0,1,1,0,0,0
3,22,Female,4.63,0.4184592296148073,0.7899889176209824,0.5433425294032235,0.38036718981344386,No,Bachelor,7.38,No,0.75,No,F,Middle,Medium,1,0,0,0,1,0
4,24,Female,3.42,0.7903951975987993,0.38455855190247523,0.7604181791781617,0.6963281018655612,Yes,High School,7.69,No,0.25,Yes,F,Older,Medium,1,1,0,1,0,0
5,20,Male,2.15,0.5822911455727864,0.518470631695604,0.5655582982430665,0.6206692330470831,Yes,Master,6.01,No,1.0,Yes,F,Young,Low,0,1,0,1,2,0
6,22,Female,2.35,0.6810905452726361,0.7146287403029183,0.6889792362421954,0.5038495706248148,No,Master,7.85,Yes,0.75,Yes,A,Middle,Low,1,0,1,1,2,4
7,22,Male,4.81,0.18959479739869933,0.9279645363871443,0.727893131987803,0.800858750370151,Yes,Bachelor,5.9,No,0.625,Yes,A,Middle,Medium,0,1,0,1,1,4
8,24,Female,1.96,0.6190595297648827,0.3223125230882897,0.5025410193117468,0.31788569736452477,Yes,Master,7.57,No,0.625,No,D,Older,Low,1,1,0,0,2,1
9,19,Female,6.1,0.32341170585292645,0.7748429996305874,0.4739364019166546,0.8402428190701805,Yes,PhD,5.89,Yes,0.0,Yes,F,Young,High,1,1,1,1,3,0
10,20,Male,2.96,0.8344172086043025,0.6087920206871074,0.5911136924640628,0.42360082913828845,No,High School,8.96,Yes,0.5,No,B,Young,Medium,0,0,1,0,0,3
11,24,Male,4.92,0.6293146573286643,0.5683413372737347,0.5953245244663858,0.9810482676932188,Yes,Bachelor,7.76,No,0.25,Yes,D,Older,Medium,0,1,0,1,1,1
12,20,Male,3.05,0.19859929964982492,0.5367565570742518,0.5738347611441847,0.3621557595498964,Yes,PhD,5.44,Yes,0.75,No,F,Young,Medium,0,1,1,0,3,0
13,20,Female,2.63,0.0642821410705352,0.28241595862578484,0.5809496152170757,0.5074030204323364,Yes,High School,7.0,Yes,0.25,Yes,A,Young,Low,1,1,1,1,0,4
14,22,Male,4.37,0.04252126063031514,0.7161063908385665,0.43400609844634824,0.5984601717500739,Yes,PhD,6.48,Yes,0.5,Yes,B,Middle,Medium,0,1,1,1,3,3
15,21,Female,5.58,0.37143571785892937,0.39379386775027725,0.6950776825903875,0.5969795676636067,Yes,Bachelor,6.36,No,0.75,No,D,Middle,Medium,1,1,0,0,1,1
16,20,Female,3.63,0.265632816408204,0.33875138529737714,0.6687962828517495,0.6944033165531538,Yes,Bachelor,7.15,No,0.25,Yes,B,Young,Medium,1,1,0,1,1,3
17,23,Male,3.9,0.6460730365182594,0.7016992981159953,0.33163932045883543,0.2998223275096239,Yes,PhD,6.07,Yes,0.125,Yes,F,Older,Medium,0,1,1,1,3,0
18,22,Male,5.21,0.4992496248124061,0.6839674916882157,0.4965877740670828,0.5771394729049453,Yes,High School,7.76,Yes,0.625,Yes,C,Middle,Medium,0,1,1,1,0,2
19,19,Female,5.26,0.2658829414707353,0.5528260066494275,0.5806592130100188,0.6160793603790347,Yes,Master,7.7,Yes,0.875,Yes,B,Young,Medium,1,1,1,1,2,3
20,21,Female,3.94,0.14907453726863418,0.7377170299224232,0.47132278205314365,0.46816701214095346,Yes,Master,7.35,No,0.375,Yes,B,Middle,Medium,1,1,0,1,2,3
21,23,Male,3.33,0.12706353176588303,0.8016254155892131,0.6754755336140554,0.6751554634290791,Yes,PhD,6.98,Yes,1.0,No,A,Older,Medium,0,1,1,0,3,4
22,23,Male,4.12,0.8649324662331166,0.7798300701884004,0.5527806011325687,0.2863488303227717,No,Bachelor,7.66,Yes,0.875,Yes,F,Older,Medium,0,0,1,1,1,0
23,19,Male,3.71,0.24337168584292135,0.4407092722571111,0.593872513431102,0.5128812555522653,Yes,High School,7.79,No,0.75,No,B,Young,Medium,0,1,0,0,0,3
24,21,Male,4.47,0.6518259129564781,0.7255264130033248,0.49455495861768545,0.4181225940183596,Yes,High School,7.45,Yes,0.75,Yes,F,Middle,Medium,0,1,1,1,0,0
25,22,Male,2.21,0.8109054527263635,0.5773919468045807,0.21707564977493826,0.5136215575954991,Yes,Bachelor,5.69,No,0.25,Yes,A,Middle,Low,0,1,0,1,1,4
26,18,Female,4.42,0.614057028514257,0.8570373106760252,0.20720197473500795,0.9068700029612082,Yes,Master,6.21,No,0.625,No,F,Young,Medium,1,1,0,0,2,0
27,21,Female,2.92,0.8596798399199601,0.5153306243073514,0.6671990707129374,0.9111637548119633,Yes,High School,6.73,No,0.5,No,A,Middle,Medium,1,1,0,0,0,4
28,19,Female,5.36,0.39244622311155575,0.47247875877354995,0.6108610425439234,0.8676339946698253,Yes,PhD,5.52,Yes,0.0,No,A,Young,Medium,1,1,1,0,3,4
29,23,Female,2.99,0.9564782391195599,0.42482452899889167,0.6407724698707711,0.48282499259697953,Yes,Master,7.22,Yes,0.25,No,D,Older,Medium,1,1,1,0,2,1
30,22,Male,3.02,0.1330665332666332,0.5731437015145917,0.5877740670829097,0.7869410719573586,No,PhD,8.41,No,0.0,No,F,Middle,Medium,0,0,0,0,3,0
31,21,Male,4.67,0.10205102551275647,0.6244920576283708,0.6017133730216349,0.6104530648504589,Yes,Master,8.25,Yes,0.375,Yes,C,Middle,Medium,0,1,1,1,2,2
32,18,Male,4.02,0.6588294147073537,0.6280014776505356,0.7332655728183533,0.5954989635771397,Yes,Bachelor,7.74,No,0.25,No,D,Young,Medium,0,1,0,0,1,1
33,18,Female,7.41,0.9429714857428713,0.6026967122275579,0.641934078698998,0.5682558483861417,Yes,PhD,7.73,Yes,0.375,No,A,Young,High,1,1,1,0,3,4
34,20,Female,1.56,0.8091545772886444,0.6621721462874028,0.7457528677217946,0.97601421379923,No,PhD,9.22,No,1.0,Yes,C,Young,Low,1,0,0,1,3,2
35,20,Male,4.16,0.07628814407203599,0.4970446989287032,0.5943081167416873,0.8888066331063074,Yes,Bachelor,7.84,No,0.25,Yes,B,Young,Medium,0,1,0,1,1,3
36,24,Male,5.69,0.2791395697848924,0.3769855929072774,0.5121242921446203,0.7508143322475571,Yes,PhD,7.93,Yes,0.625,No,B,Older,Medium,0,1,1,0,3,3
37,19,Female,3.13,0.9304652326163079,0.360916143332102,0.5982285465369537,0.5476754515842464,Yes,Master,5.56,Yes,0.625,No,D,Young,Medium,1,1,1,0,2,1
38,21,Female,2.63,0.25287643821910955,0.7183228666420391,0.4187599825758675,0.5941664198993191,Yes,High School,8.33,Yes,0.75,No,C,Middle,Low,1,1,1,0,0,2
39,21,Male,2.69,0.7813906953476737,0.625046176579239,0.4981849862058951,0.7032869410719573,Yes,High School,7.4,Yes,1.0,Yes,F,Middle,Low,0,1,1,1,0,0
40,24,Male,1.58,0.8254127063531769,0.1954192833394901,0.5953245244663858,0.4696476162274209,Yes,Bachelor,6.92,No,0.75,No,C,Older,Low,0,1,0,0,1,2
41,23,Female,6.02,0.495497748874437,0.740857037310676,0.5930013068099316,0.793751850755108,No,Master,6.67,No,0.0,Yes,D,Older,High,1,0,0,1,2,1
42,23,Male,3.51,0.3861930965482743,0.8854820834872552,0.5458109481632061,0.3808113710393841,No,PhD,6.45,Yes,0.875,Yes,F,Older,Medium,0,0,1,1,3,0
43,24,Male,3.33,0.44997498749374687,0.40598448466937564,0.32249165093654714,0.672490376073438,Yes,PhD,8.26,Yes,0.5,Yes,F,Older,Medium,0,1,1,1,3,0
44,23,Male,0.81,0.22686343171585777,0.6002955301071295,0.6753303325105271,0.0768433520876517,No,High School,6.97,No,1.0,Yes,B,Older,Low,0,0,0,1,0,3
45,20,Female,1.85,0.8896948474237116,0.4508681196896933,0.7097429940467548,0.46313295824696477,Yes,PhD,6.49,Yes,0.5,No,C,Young,Low,1,1,1,0,3,2
46,21,Female,6.2,0.45047523761880925,0.6542297746582932,0.8507332655728181,1.0,Yes,High School,6.23,Yes,0.5,Yes,F,Middle,High,1,1,1,1,0,0
47,24,Female,4.45,0.8826913456728365,0.3228666420391577,0.6413532742848844,0.8155167308261773,Yes,Bachelor,7.17,Yes,0.125,Yes,D,Older,Medium,1,1,1,1,1,1
48,21,Female,5.75,0.10555277638819427,0.5251200591060214,0.5646870916218962,0.9264139769025763,Yes,PhD,6.64,Yes,0.25,No,B,Middle,Medium,1,1,1,0,3,3
49,18,Female,5.56,0.9884942471235618,0.7194311045437753,0.3878321475243212,0.43722238673378744,Yes,Master,6.41,No,1.0,Yes,F,Young,Medium,1,1,0,1,2,0
50,20,Female,2.5,0.4432216108054028,0.7665312153675654,0.8243066647306518,0.6085282795380516,Yes,PhD,5.62,No,0.75,No,C,Young,Low,1,1,0,0,3,2
51,22,Female,7.64,0.04752376188094032,0.6169190986331734,0.6075214171627703,0.8701510216168198,Yes,High School,7.96,Yes,0.0,Yes,B,Middle,High,1,1,1,1,0,3
52,20,Male,6.92,0.03776888444222126,0.47561876616180276,0.5980833454334251,0.7260882440035534,Yes,Bachelor,6.86,No,0.25,No,C,Young,High,0,1,0,0,1,2
53,24,Male,3.15,0.7463731865932965,0.24399704469892858,0.5201103528386817,0.6984009475866153,Yes,High School,5.91,Yes,0.125,Yes,C,Older,Medium,0,1,1,1,0,2
54,22,Male,0.0,0.659079539769885,0.39822681935722204,0.5089298678669958,0.9475866153390584,Yes,PhD,6.73,Yes,0.0,Yes,C,Middle,Low,0,1,1,1,3,2
55,18,Male,3.47,0.8024012006003001,0.4516069449575175,0.684332800929287,0.35430855789161986,Yes,High School,7.55,Yes,1.0,No,B,Young,Medium,0,1,1,0,0,3
56,24,Male,4.36,0.10505252626313144,0.40930919837458424,0.3863801364890373,0.5445661830026651,Yes,High School,7.03,No,0.875,Yes,F,Older,Medium,0,1,0,1,0,0
57,19,Male,3.15,0.03526763381690845,0.5493165866272625,0.8476840423987222,0.1958839206396209,No,Bachelor,7.19,No,0.5,Yes,A,Young,Medium,0,0,0,1,1,4
58,21,Male,3.67,0.508504252126063,0.47506464721093455,0.8096413532742848,0.3421676043825881,Yes,Master,7.04,No,0.125,No,F,Middle,Medium,0,1,0,0,2,0
59,18,Female,2.76,0.38744372186093035,0.5700036941263391,0.5026862204152751,0.8239561741190407,Yes,PhD,5.72,No,0.0,Yes,B,Young,Low,1,1,0,1,3,3
60,21,Female,5.38,0.46198099049524766,0.7604359069080162,0.4138231450559024,0.3816997334912645,No,Bachelor,7.95,No,0.75,Yes,A,Middle,Medium,1,0,0,1,1,4
61,23,Male,4.1,0.9917458729364683,0.46324344292574793,0.2133004210832002,0.748741486526503,Yes,Master,5.29,Yes,0.125,No,A,Older,Medium,0,1,1,0,2,4
62,19,Male,5.43,0.9709854927463732,0.28278537125969705,0.3463046319152025,0.9538051525022209,Yes,High School,7.46,Yes,0.0,No,A,Young,Medium,0,1,1,0,0,4
63,19,Female,5.83,0.9424712356178091,0.40857037310676025,0.6915928561057063,0.5458987266804856,Yes,Master,7.62,No,0.125,No,D,Young,High,1,1,0,0,2,1
64,18,Male,0.74,0.7838919459729863,0.6461026967122276,0.6192827065485698,0.7009179745336098,Yes,High School,6.78,No,0.75,No,B,Young,Low,0,1,0,0,0,3
65,19,Male,2.84,0.3546773386693347,0.6634650905060953,0.6503557427036444,0.7505182114302638,Yes,High School,7.35,No,0.75,No,D,Young,Low,0,1,0,0,0,1
66,22,Female,3.06,0.4122061030515256,0.6132249722940524,0.24277624509946277,0.3141841871483565,Yes,Bachelor,6.72,Yes,0.625,Yes,A,Middle,Medium,1,1,1,1,1,4
67,19,Male,7.86,0.5495247623811905,0.7785371259697083,0.4954261652388558,0.4484749777909387,Yes,High School,7.37,No,0.5,No,D,Young,High,0,1,0,0,0,1
68,21,Female,4.22,0.8306653326663334,0.5038788326560768,0.8026717003049222,0.36259994077583657,Yes,Bachelor,7.99,Yes,0.25,Yes,D,Middle,Medium,1,1,1,1,1,1
69,21,Male,5.22,0.0685342671335667,0.9172515700036941,0.5476985625090749,0.4662422268285461,Yes,Master,6.21,Yes,0.25,No,B,Middle,Medium,0,1,1,0,2,3
70,24,Female,1.18,0.4242121060530264,0.6893239748799409,0.34267460432699287,0.7444477346757477,Yes,Master,7.67,No,1.0,Yes,C,Older,Low,1,1,0,1,2,2
71,21,Female,4.21,0.08229114557278638,0.07222016992981162,0.5449397415420356,0.45321291086763404,Yes,High School,8.69,Yes,0.375,Yes,D,Middle,Medium,1,1,1,1,0,1
72,24,Female,5.47,0.5147573786893447,0.8708902844477282,0.4300856686510817,0.5775836541308854,Yes,Bachelor,7.26,Yes,1.0,No,D,Older,Medium,1,1,1,0,1,1
73,21,Male,5.29,0.8991995997998998,0.39656446250461763,0.6224771308261943,0.3538643766656796,Yes,High School,6.5,No,0.375,Yes,A,Middle,Medium,0,1,0,1,0,4
74,22,Female,4.94,0.7826413206603302,0.34724787587735495,0.5680267170030491,0.8578620076991414,Yes,Bachelor,9.26,Yes,0.125,Yes,A,Middle,Medium,1,1,1,1,1,4
75,24,Male,4.02,0.22761380690345168,0.635020317694865,0.6590678089153477,0.46431744151613863,Yes,Bachelor,7.09,No,0.375,No,A,Older,Medium,0,1,0,0,1,4
76,20,Male,4.09,0.9762381190595302,0.21721462874030273,0.35211267605633806,0.9236008291382884,Yes,Bachelor,7.23,Yes,0.625,No,F,Young,Medium,0,1,1,0,1,0
77,23,Male,1.46,0.6673336668334167,0.40986331732545245,0.4862784957165675,0.5989043529760143,Yes,Master,7.25,No,0.625,No,D,Older,Low,0,1,0,0,2,1
78,18,Male,2.65,0.010255127563781885,0.8258219431104541,0.7544649339334979,0.2730233935445662,Yes,Bachelor,7.45,No,0.5,No,A,Young,Low,0,1,0,0,1,4
79,21,Female,4.35,0.25537768884442213,0.6409309198374584,0.3284448961812109,0.547379330766953,Yes,Master,6.66,Yes,0.0,Yes,B,Middle,Medium,1,1,1,1,2,3
80,19,Female,2.93,0.26063031515757884,0.6882157369782047,0.3895745607666618,0.34942256440627784,No,Bachelor,7.19,No,0.25,Yes,F,Young,Medium,1,0,0,1,1,0
81,21,Male,5.03,0.0690345172586293,0.41688215736978207,0.5990997531581239,0.7163162570328696,Yes,Master,7.95,Yes,0.5,Yes,C,Middle,Medium,0,1,1,1,2,2
82,19,Male,4.7,0.9599799899949977,0.2541558921315108,0.6143458690286046,0.5273911755996448,Yes,PhD,6.63,Yes,0.625,Yes,D,Young,Medium,0,1,1,1,3,1
83,23,Female,6.05,0.4782391195597797,0.6688215736978202,0.47916364164367636,0.6217056559076104,No,Master,6.58,No,0.0,Yes,D,Older,High,1,0,0,1,2,1
84,23,Male,5.44,0.8959479739869933,0.7100110823790173,0.5158995208363584,0.5034053893988747,Yes,Master,6.71,Yes,1.0,Yes,B,Older,Medium,0,1,1,1,2,3
85,23,Female,4.34,0.32216108054027015,0.7016992981159953,0.6573253956730072,0.4620965353864377,Yes,High School,5.9,No,0.25,No,C,Older,Medium,1,1,0,0,0,2
86,19,Male,5.12,0.12506253126563283,0.5768378278537125,0.7125018150137941,0.3692626591649393,Yes,Bachelor,6.32,Yes,0.25,Yes,C,Young,Medium,0,1,1,1,1,2
87,21,Male,5.51,0.4742371185592795,0.35962319911340956,0.37810367358791924,0.7710986082321589,Yes,PhD,6.28,Yes,0.125,Yes,F,Middle,Medium,0,1,1,1,3,0
88,23,Female,3.24,0.11380690345172595,0.9885482083487254,0.6278495716567445,0.5469351495410129,Yes,High School,7.0,No,0.875,Yes,D,Older,Medium,1,1,0,1,0,1
89,22,Male,3.51,0.485992996498249,0.6268932397487994,0.8277914912153332,0.5155463429079065,Yes,Bachelor,7.84,Yes,0.25,No,A,Middle,Medium,0,1,1,0,1,4
90,24,Female,3.85,0.9204602301150575,0.5060953084595494,0.5442137360243937,0.5414569144210839,Yes,PhD,8.45,Yes,0.625,No,B,Older,Medium,1,1,1,0,3,3
91,19,Male,3.29,0.5207603801900951,0.5070188400443294,0.3762160592420502,0.43470535978679303,Yes,PhD,7.06,Yes,0.125,No,B,Young,Medium,0,1,1,0,3,3
92,19,Male,5.52,0.6165582791395696,0.5659401551533061,0.36822999854798893,0.5162866449511401,Yes,PhD,7.46,Yes,0.75,No,B,Young,Medium,0,1,1,0,3,3
93,21,Male,3.06,0.15657828914457217,0.735869966752863,0.5363728764338607,0.6310334616523541,Yes,Bachelor,7.24,Yes,0.375,Yes,B,Middle,Medium,0,1,1,1,1,3
94,19,Female,5.88,0.04352176088044013,0.5733284078315479,0.7448816611006244,0.3557891619780871,Yes,PhD,4.91,Yes,1.0,Yes,A,Young,High,1,1,1,1,3,4
95,19,Male,3.45,0.11055527763881945,0.6968969338751385,0.5572818353419486,0.38791827065442697,Yes,PhD,5.85,Yes,1.0,Yes,A,Young,Medium,0,1,1,1,3,4
96,23,Male,4.71,0.5985492746373184,0.5661248614702623,0.5973573399157832,0.8914717204619487,Yes,High School,7.76,Yes,0.75,No,F,Older,Medium,0,1,1,0,0,0
97,21,Male,4.25,0.09479739869934956,0.5175471001108236,0.39073616959488894,0.5048859934853421,No,Master,7.86,No,0.875,Yes,D,Middle,Medium,0,0,0,1,2,1
98,23,Male,2.54,0.3759379689844924,0.6566309567787216,0.7357339915783359,0.462984897838318,Yes,Bachelor,7.84,Yes,0.25,Yes,A,Older,Low,0,1,1,1,1,4
99,24,Female,3.97,0.5500250125062531,0.6496121167343922,0.36474517206330764,0.28694107195735863,Yes,Master,6.82,Yes,0.5,Yes,F,Older,Medium,1,1,1,1,2,0
100,24,Female,4.5,0.38869434717358664,0.5068341337273734,0.47655002178016553,0.7743559372223869,Yes,High School,5.01,No,0.125,No,C,Older,Medium,1,1,0,0,0,2
101,23,Male,3.9,0.16358179089544755,0.39988917620982645,0.6741687236823,0.35090316849274505,Yes,Master,5.97,No,0.75,No,D,Older,Medium,0,1,0,0,2,1
102,24,Female,1.99,0.2736368184092046,0.601403768008866,0.209089589080877,0.5820254663902873,Yes,PhD,6.12,No,0.875,No,A,Older,Low,1,1,0,0,3,4
103,21,Male,6.55,0.9284642321160579,0.5526413003324713,0.5947437200522723,0.2061000888362452,Yes,PhD,7.63,Yes,1.0,Yes,C,Middle,High,0,1,1,1,3,2
104,18,Male,4.13,0.6760880440220114,0.4357222016992981,0.38333091331494124,0.767100977198697,Yes,Bachelor,6.64,No,0.75,Yes,F,Young,Medium,0,1,0,1,1,0
105,23,Male,2.81,0.4959979989994998,0.3827114887329146,0.5673007114854072,0.8467574770506368,Yes,Bachelor,8.69,No,0.875,Yes,A,Older,Low,0,1,0,1,1,4
106,22,Female,6.43,0.012506253126563172,0.6139637975618764,0.5031218237258603,0.6930707728753331,Yes,Bachelor,8.47,Yes,1.0,Yes,A,Middle,High,1,1,1,1,1,4
107,22,Female,4.93,0.9927463731865935,0.6398226819357222,0.931319878031073,0.24459579508439444,Yes,High School,8.67,Yes,0.625,No,C,Middle,Medium,1,1,1,0,0,2
108,19,Female,2.2,0.6715857928964484,0.47173993350572596,0.4958617685494409,0.7716908498667456,No,Bachelor,6.08,No,0.125,Yes,A,Young,Low,1,0,0,1,1,4
109,24,Female,2.43,0.31690845422711367,0.4311045437753971,0.8854363293161027,0.40168788865857274,Yes,High School,7.49,No,0.125,No,B,Older,Low,1,1,0,0,0,3
110,22,Female,3.67,0.87943971985993,0.3849279645363872,0.6666182662988238,0.32543677820550787,Yes,PhD,6.52,Yes,0.375,Yes,A,Middle,Medium,1,1,1,1,3,4
111,19,Female,4.45,0.25837918959479755,0.6087920206871074,0.4247132278205315,0.5002961208172935,Yes,Master,7.33,Yes,1.0,No,D,Young,Medium,1,1,1,0,2,1
112,18,Female,4.93,0.5440220110055027,0.389730328777244,0.622041527515609,0.4958543085578917,Yes,PhD,6.19,Yes,0.75,Yes,C,Young,Medium,1,1,1,1,3,2
113,21,Female,5.43,0.6360680340170086,0.9521610639083855,0.5113982866269782,0.4732010660349423,Yes,PhD,8.23,Yes,0.125,Yes,D,Middle,Medium,1,1,1,1,3,1
114,21,Female,4.81,0.2208604302151076,0.46250461765792394,0.6066502105416001,0.868374296713059,Yes,PhD,6.21,Yes,0.875,No,F,Middle,Medium,1,1,1,0,3,0
115,21,Male,6.02,0.9787393696848423,0.09032138899150344,0.43995934369101203,1.0,Yes,Bachelor,5.05,No,0.75,No,D,Middle,High,0,1,0,0,1,1
116,22,Female,4.19,0.748374187093547,0.532693018101219,0.8588645273704079,0.281314776428783,Yes,Bachelor,9.03,Yes,1.0,Yes,B,Middle,Medium,1,1,1,1,1,3
117,18,Female,2.86,0.5577788894447222,0.5247506464721092,0.7255699143313488,0.4324844536570921,Yes,Bachelor,7.44,Yes,0.875,Yes,B,Young,Low,1,1,1,1,1,3
118,22,Female,3.99,0.18034017008504244,0.7436276320650166,0.5699143313489181,0.6171157832395617,Yes,Master,5.93,Yes,0.25,Yes,D,Middle,Medium,1,1,1,1,2,1
119,24,Female,3.9,0.05352676338169071,0.5914296268932395,0.8656889792362421,0.4991116375481197,Yes,Bachelor,6.84,Yes,0.0,No,F,Older,Medium,1,1,1,0,1,0
120,22,Female,0.13,0.31990995497748864,0.3841891392685628,0.5773195876288659,0.674119040568552,Yes,High School,6.42,Yes,0.125,Yes,A,Middle,Low,1,1,1,1,0,4
121,18,Female,3.16,0.7533766883441722,0.48540820096047277,0.755626542761725,0.788865857269766,Yes,PhD,7.01,No,0.125,No,B,Young,Medium,1,1,0,0,3,3
122,18,Female,4.47,0.2691345672836416,0.5986331732545251,0.5710759401771452,0.751850755108084,Yes,Master,7.8,Yes,0.375,Yes,D,Young,Medium,1,1,1,1,2,1
123,24,Female,3.36,0.5395197598799397,0.13834503140007393,0.6330768113837666,0.720906129700918,Yes,Master,7.65,No,0.625,Yes,D,Older,Medium,1,1,0,1,2,1
124,18,Female,3.03,0.7281140570285145,0.7855559660140377,0.5501669812690575,0.9539532129108677,No,Master,7.25,Yes,0.375,Yes,D,Young,Medium,1,0,1,1,2,1
125,18,Female,5.37,0.10780390195097533,0.384743258219431,0.5809496152170757,0.23260290198400946,Yes,Master,7.01,No,1.0,Yes,A,Young,Medium,1,1,0,1,2,4
126,21,Female,2.63,0.6853426713356678,0.7999630587366087,0.5941629156381587,0.914124962984898,Yes,Master,8.08,No,0.375,No,C,Middle,Low,1,1,0,0,2,2
127,24,Male,5.07,0.09154577288644328,0.610639083856668,0.4476550021780165,0.49378146283683744,Yes,High School,5.07,Yes,0.625,No,F,Older,Medium,0,1,1,0,0,0
128,20,Male,2.0,0.9654827413706855,0.6545991872922052,0.49455495861768545,0.7598460171750074,Yes,PhD,6.25,Yes,0.625,Yes,C,Young,Low,0,1,1,1,3,2
129,20,Female,8.14,0.48849424712356204,0.75046176579239,0.526644402497459,0.35682558483861415,Yes,Master,6.02,Yes,0.0,Yes,F,Young,High,1,1,1,1,2,0
130,18,Female,3.68,0.150575287643822,0.6440709272257112,0.6044721939886744,0.3836245188036719,Yes,PhD,8.01,Yes,0.875,Yes,F,Young,Medium,1,1,1,1,3,0
131,20,Male,3.52,0.3424212106053026,0.662541558921315,0.5590242485842891,0.7324548415753629,No,Bachelor,6.26,Yes,0.25,No,D,Young,Medium,0,0,1,0,1,1
132,20,Female,5.71,0.41345672836418235,0.5079423716291096,0.7688398431828081,0.1570920935741783,Yes,Master,5.71,No,0.625,Yes,B,Young,Medium,1,1,0,1,2,3
133,18,Male,3.37,0.7583791895947973,0.606944957517547,0.7120662117032088,0.8051525022209063,Yes,Master,7.55,Yes,0.25,No,D,Young,Medium,0,1,1,0,2,1
134,20,Male,6.18,0.7436218109054527,0.42981159955670467,0.5301292289821402,0.8652650281314778,Yes,PhD,6.09,Yes,0.125,No,A,Young,High,0,1,1,0,3,4
135,22,Male,4.56,0.612056028014007,0.47487994089397834,0.8051401190649048,0.6249629848978384,Yes,Master,6.65,No,0.5,No,F,Middle,Medium,0,1,0,0,2,0
136,19,Male,3.82,0.10580290145072513,0.9011821204285186,0.8908087701466532,0.6169677228309149,Yes,Master,9.38,Yes,0.0,No,B,Young,Medium,0,1,1,0,2,3
137,24,Male,3.66,0.15132566283141569,0.38899150350942,0.20821838245970664,0.4003553449807522,Yes,Master,7.79,No,1.0,Yes,F,Older,Medium,0,1,0,1,2,0
138,19,Female,5.81,0.09354677338669326,0.5666789804211305,0.7268767242631042,0.7352679893396508,No,High School,6.79,Yes,0.75,Yes,F,Young,High,1,0,1,1,0,0
139,18,Male,4.35,0.5772886443221612,0.5591060214259327,0.44358937127922166,0.6625703286941071,Yes,High School,6.88,No,0.25,No,D,Young,Medium,0,1,0,0,0,1
140,21,Female,4.65,0.87743871935968,0.48079054303657176,0.7039349499056191,0.3808113710393841,Yes,Master,7.91,Yes,0.375,Yes,B,Middle,Medium,1,1,1,1,2,3
141,24,Female,4.81,0.43371685842921437,0.6331732545253048,0.7801655292580223,0.49851939591353267,Yes,High School,7.66,No,0.625,Yes,B,Older,Medium,1,1,0,1,0,3
142,18,Male,4.2,0.16058029014507258,0.6472109346139638,0.4116451285029766,0.5500444181225941,Yes,Bachelor,7.08,No,0.25,Yes,F,Young,Medium,0,1,0,1,1,0
143,21,Male,4.78,0.5580290145072535,0.3671961581086072,0.24161463627123564,0.4982232750962393,Yes,Master,7.1,Yes,0.75,No,B,Middle,Medium,0,1,1,0,2,3
144,19,Female,3.82,0.8119059529764883,0.5568895456224603,0.7100333962538115,0.2827953805152502,Yes,Bachelor,5.52,Yes,0.625,Yes,B,Young,Medium,1,1,1,1,1,3
145,18,Male,3.93,0.741870935467734,0.33838197266346515,0.5879192681864382,0.7407462244595795,Yes,PhD,5.31,Yes,1.0,Yes,D,Young,Medium,0,1,1,1,3,1
146,24,Male,2.32,0.8816908454227117,0.6839674916882157,0.27370408015100905,0.5313888066331063,Yes,Bachelor,6.82,No,0.5,Yes,C,Older,Low,0,1,0,1,1,2
147,24,Female,4.45,0.2778889444722361,0.5707425193941633,1.0,0.5888362451880369,No,PhD,6.37,No,0.375,Yes,A,Older,Medium,1,0,0,1,3,4
148,23,Female,1.42,0.19384692346173105,0.5533801256002953,0.6731523159576012,0.4570624814924489,No,Master,7.59,No,0.25,Yes,C,Older,Low,1,0,0,1,2,2
149,22,Male,4.43,0.8799399699849926,0.6599556704839307,0.6811383766516625,0.690997927154279,Yes,PhD,7.2,Yes,0.0,Yes,B,Middle,Medium,0,1,1,1,3,3
150,20,Female,3.58,0.6575787893946972,0.48725526413003317,0.8023812980978655,0.6295528575658871,Yes,PhD,6.23,Yes,0.25,Yes,F,Young,Medium,1,1,1,1,3,0
151,21,Male,4.56,0.31090545272636305,0.7070557813077207,0.46319152025555393,0.85475273911756,Yes,Bachelor,7.16,No,0.25,Yes,A,Middle,Medium,0,1,0,1,1,4
152,23,Male,2.43,0.7423711855927966,0.3631326191355744,0.5871932626687961,0.6921824104234526,Yes,Bachelor,6.58,Yes,0.75,Yes,A,Older,Low,0,1,1,1,1,4
153,20,Male,0.82,0.8151575787893948,0.7990395271518287,0.33454334252940326,0.5404204915605566,Yes,Bachelor,9.07,No,0.75,Yes,F,Young,Low,0,1,0,1,1,0
154,20,Female,3.47,0.6150575287643822,0.4364610269671221,0.4583998838391172,0.42108380219129404,Yes,Master,7.39,Yes,0.0,No,A,Young,Medium,1,1,1,0,2,4
155,18,Female,2.43,0.6880940470235117,0.22497229405245656,0.6316248003484826,0.7777613266212615,Yes,Master,5.44,Yes,0.25,Yes,F,Young,Low,1,1,1,1,2,0
156,20,Female,1.33,0.3751875937968985,0.47746582933136295,0.27428488456512273,0.5226532425229495,Yes,Bachelor,8.82,No,0.875,No,A,Young,Low,1,1,0,0,1,4
157,22,Female,5.15,0.5387693846923463,0.4565940155153305,0.45346304631915196,0.5472312703583062,Yes,Master,6.37,Yes,1.0,Yes,C,Middle,Medium,1,1,1,1,2,2
158,24,Female,6.4,0.5242621310655329,0.47617288511267075,0.4026426600842166,0.5472312703583062,Yes,Master,6.03,Yes,0.75,No,A,Older,High,1,1,1,0,2,4
159,23,Male,2.8,0.8481740870435219,0.5810860731437013,0.5892260781181935,0.49629848978383184,Yes,PhD,9.14,Yes,0.75,No,D,Older,Low,0,1,1,0,3,1
160,20,Male,3.89,0.8401700850425211,0.741041743627632,0.6645854508494264,0.5510808409831212,Yes,PhD,7.35,Yes,0.875,Yes,F,Young,Medium,0,1,1,1,3,0
161,18,Male,3.54,0.8329164582291146,0.5027705947543406,0.693770872658632,1.0,Yes,Bachelor,7.7,Yes,0.625,No,A,Young,Medium,0,1,1,0,1,4
162,22,Male,3.01,0.01075537768884427,0.41041743627632066,0.7384928125453751,0.35267989339650585,Yes,Master,7.73,No,0.25,No,F,Middle,Medium,0,1,0,0,2,0
163,19,Female,5.0,0.749624812406203,0.3300701884004431,0.8035429069260924,0.4045010364228606,No,PhD,6.79,Yes,0.0,No,D,Young,Medium,1,0,1,0,3,1
164,24,Male,5.52,0.7588794397198599,0.4517916512744735,0.6702482938870336,0.8928042641397691,Yes,High School,6.43,No,0.75,Yes,A,Older,Medium,0,1,0,1,0,4
165,24,Female,2.7,0.6785892946473235,0.1895086811968969,0.8932771889066358,0.5022209061297008,Yes,Master,6.59,Yes,0.0,No,A,Older,Low,1,1,1,0,2,4
166,23,Male,4.07,0.7563781890945473,0.40432212781677124,0.585160447219399,0.48534201954397393,Yes,High School,8.61,Yes,0.0,No,D,Older,Medium,0,1,1,0,0,1
167,24,Female,5.93,0.8421710855427715,0.7680088659032138,0.5341948598809352,0.8152206100088837,No,Bachelor,7.2,No,1.0,Yes,D,Older,High,1,0,0,1,1,1
168,20,Female,5.03,0.47023511755877934,0.3862209087550794,0.6702482938870336,0.2700621853716316,Yes,Master,8.31,No,0.75,No,D,Young,Medium,1,1,0,0,2,1
169,18,Male,5.26,0.50200100050025,0.6544144809752495,0.526644402497459,0.7678412792419307,Yes,Bachelor,6.92,Yes,0.375,No,F,Young,Medium,0,1,1,0,1,0
170,24,Male,6.05,0.12456228114057022,0.3117842630217953,0.8871787425584434,0.5954989635771397,No,Bachelor,6.24,Yes,0.625,No,D,Older,High,0,0,1,0,1,1
171,24,Male,6.03,0.38544272136068036,0.8653490949390468,0.7614345869028603,0.6886289606159313,Yes,Bachelor,5.56,No,0.0,Yes,F,Older,High,0,1,0,1,1,0
172,19,Male,5.54,0.6433216608304155,0.8777244181751014,0.6950776825903875,0.684483269173823,No,Bachelor,7.65,No,0.75,No,C,Young,Medium,0,0,0,0,1,2
173,19,Female,4.22,0.7806403201600802,0.6473956409309196,0.5873384637723245,0.4459579508439443,No,Bachelor,8.69,No,0.625,Yes,A,Young,Medium,1,0,0,1,1,4
174,21,Male,3.43,0.2171085542771385,0.9059844846693756,0.4933933497894583,0.8189221202250518,No,Master,6.11,No,0.375,No,A,Middle,Medium,0,0,0,0,2,4
175,22,Male,4.16,0.13756878439219622,0.6039896564462504,0.6866560185857411,0.46328101865561155,Yes,High School,7.51,Yes,0.75,No,B,Middle,Medium,0,1,1,0,0,3
176,20,Female,3.2,0.663081540770385,0.6802733653490949,0.36793959634093215,0.6761918862896061,Yes,Master,5.62,Yes,0.25,No,C,Young,Medium,1,1,1,0,2,2
177,24,Male,1.07,0.0017508754377186797,0.7713335796084226,0.8317119210105994,0.8603790346461355,Yes,Master,6.44,Yes,0.0,No,D,Older,Low,0,1,1,0,2,1
178,24,Male,3.58,0.17808904452226093,0.5714813446619873,0.5334688543632933,0.8916197808705955,Yes,Master,7.27,Yes,0.375,Yes,D,Older,Medium,0,1,1,1,2,1
179,18,Male,4.54,0.02876438219109545,0.2515700036941262,0.6175402933062291,0.5260586319218241,Yes,PhD,5.27,Yes,0.25,No,C,Young,Medium,0,1,1,0,3,2
180,21,Male,3.12,0.16683341670835428,0.6839674916882157,0.4058370843618411,0.6883328397986379,Yes,PhD,6.98,No,0.0,Yes,D,Middle,Medium,0,1,0,1,3,1
181,22,Male,3.71,0.18109054527263635,0.4510528260066493,0.6904312472774794,0.5056262955285756,Yes,Master,6.16,No,0.125,No,B,Middle,Medium,0,1,0,0,2,3
182,21,Female,3.77,0.38769384692346187,0.46472109346139634,0.48540728909539715,1.0,Yes,High School,7.6,No,0.5,Yes,F,Middle,Medium,1,1,0,1,0,0
183,23,Male,6.04,0.40220110055027525,0.5932766900628001,0.6775083490634528,0.7586615339058336,Yes,Master,6.83,Yes,0.875,No,A,Older,High,0,1,1,0,2,4
184,22,Male,3.46,0.8744372186093048,0.6427779830070188,0.6963844925221432,0.6040864672786499,Yes,Bachelor,7.94,No,0.0,No,C,Middle,Medium,0,1,0,0,1,2
185,24,Male,6.03,0.5100050025012508,0.5659401551533061,0.4515754319732829,0.6548711874444773,Yes,PhD,6.72,Yes,0.375,Yes,A,Older,High,0,1,1,1,3,4
186,24,Male,0.0,0.7236118059029515,0.6557074251939417,0.36866560185857417,0.6758957654723128,Yes,PhD,5.64,Yes,0.375,Yes,F,Older,Low,0,1,1,1,3,0
187,22,Male,6.02,0.10405202601300645,0.40764684152198005,0.8312763177000144,0.6824104234527688,Yes,Master,5.51,Yes,0.5,Yes,C,Middle,High,0,1,1,1,2,2
188,24,Female,5.95,0.22536268134067017,0.5302918359807904,0.5308552344997821,0.53212910867634,Yes,Master,5.09,No,0.75,Yes,F,Older,High,1,1,0,1,2,0
189,20,Male,5.35,0.7031015507753877,0.6950498707055779,0.6036009873675039,0.49792715427894585,Yes,High School,7.63,Yes,0.875,No,D,Young,Medium,0,1,1,0,0,1
190,22,Female,0.98,0.05252626313156572,0.865718507572959,0.6490489327718889,0.5516730826177081,Yes,High School,9.56,Yes,0.625,Yes,D,Middle,Low,1,1,1,1,0,1
191,21,Female,5.53,0.4864932466233114,0.9309198374584411,0.3460142297081458,0.33224755700325737,Yes,Bachelor,7.44,No,0.0,Yes,D,Middle,Medium,1,1,0,1,1,1
192,22,Male,3.92,0.5992996498249124,0.6182120428518654,0.6449833018730942,0.7448919159016878,Yes,Master,8.67,Yes,0.75,Yes,F,Middle,Medium,0,1,1,1,2,0
193,24,Male,0.21,0.6023011505752875,0.6933875138529739,0.5816756207347176,0.4073141841871484,Yes,Master,8.13,No,0.25,No,F,Older,Low,0,1,0,0,2,0
194,20,Male,5.95,0.02276138069034528,0.9043221278167712,0.45230143749092494,0.35001480604086466,No,Master,6.48,Yes,0.625,No,F,Young,High,0,0,1,0,2,0
195,20,Male,6.17,0.32191095547773885,0.41429626893239746,0.3628575577174386,0.5821735267989341,Yes,PhD,8.27,No,0.875,No,A,Young,High,0,1,0,0,3,4
196,23,Female,1.14,0.6365682841420708,0.6545991872922052,0.6699578916799767,0.5565590761030501,Yes,Bachelor,6.52,Yes,0.75,No,F,Older,Low,1,1,1,0,1,0
197,21,Male,4.26,0.14882441220610287,0.6800886590321389,0.7608537824887469,0.6408054486230381,Yes,High School,6.54,Yes,0.625,Yes,D,Middle,Medium,0,1,1,1,0,1
198,19,Male,6.08,0.6955977988994495,0.8056889545622461,0.5954697255699142,0.4592833876221498,Yes,PhD,6.79,No,1.0,No,B,Young,High,0,1,0,0,3,3
199,19,Male,5.85,0.7461230615307657,0.32822312523088293,0.31450559024248576,0.4982232750962393,Yes,PhD,6.84,Yes,1.0,Yes,F,Young,High,0,1,1,1,3,0
200,22,Male,5.25,0.9822411205602801,0.3647949759881788,0.3801364890373167,0.7391175599644655,Yes,PhD,7.66,No,0.0,No,B,Middle,Medium,0,1,0,0,3,3
201,23,Male,0.03,0.2096048024012005,0.5421130402659768,0.4890373166836068,0.7256440627776133,Yes,PhD,6.33,Yes,0.0,Yes,D,Older,Low,0,1,1,1,3,1
202,18,Male,5.09,0.8254127063531769,0.6080531954192834,0.8370843618411499,0.7163162570328696,Yes,Bachelor,7.89,No,0.0,Yes,F,Young,Medium,0,1,0,1,1,0
203,22,Female,3.67,0.5202601300650325,0.745659401551533,0.5214171627704371,0.5929819366301452,Yes,Master,7.87,Yes,0.875,Yes,A,Middle,Medium,1,1,1,1,2,4
204,23,Female,5.49,0.3734367183591796,0.633912079793129,0.4827936692318861,0.6228901391767843,Yes,High School,7.34,Yes,0.75,Yes,A,Older,Medium,1,1,1,1,0,4
205,21,Male,4.38,0.12231115557778893,0.510343553749538,0.2728328735298388,0.6366597571809298,Yes,High School,8.94,Yes,0.25,Yes,B,Middle,Medium,0,1,1,1,0,3
206,21,Male,3.97,0.7356178089044523,0.6150720354636128,0.44997821983447067,0.43973941368078173,No,PhD,8.29,No,0.125,No,A,Middle,Medium,0,0,0,0,3,4
207,21,Male,4.96,0.23561780890445227,0.5938308090136684,0.3494990561928271,0.9127924193070773,Yes,PhD,8.07,No,0.375,Yes,A,Middle,Medium,0,1,0,1,3,4
208,21,Female,3.74,0.37143571785892937,0.8605467306981898,0.3895745607666618,0.8811074918566775,Yes,Bachelor,7.07,No,0.25,Yes,A,Middle,Medium,1,1,0,1,1,4
209,21,Male,3.96,0.06228114057028522,0.5688954562246027,0.5853056483229271,0.7617708024874148,Yes,PhD,7.35,No,0.75,Yes,D,Middle,Medium,0,1,0,1,3,1
210,23,Female,3.17,0.8014007003501749,0.46749168821573694,0.49455495861768545,0.4908202546639029,Yes,High School,7.52,No,0.875,Yes,A,Older,Medium,1,1,0,1,0,4
211,23,Male,1.59,0.766633316658329,0.6213520502401182,0.8604617395092202,0.7052117263843649,Yes,High School,7.01,Yes,0.625,No,C,Older,Low,0,1,1,0,0,2
212,20,Male,4.85,0.7336168084042023,0.5748060583671961,0.752286917380572,0.8027835356825586,Yes,Master,6.62,Yes,0.25,No,F,Young,Medium,0,1,1,0,2,0
213,19,Male,2.79,0.2993996998499251,0.2480605836719616,0.4582546827355887,0.31374000592241635,Yes,Master,4.59,Yes,0.625,Yes,A,Young,Low,0,1,1,1,2,4
214,24,Male,3.7,0.17333666833416705,0.5352789065386037,0.404675475533614,0.9618004145691443,Yes,High School,7.72,Yes,0.125,Yes,A,Older,Medium,0,1,1,1,0,4
215,21,Female,4.43,0.637568784392196,0.51957886959734,0.8052853201684331,0.19914124962984892,Yes,High School,8.04,Yes,0.75,Yes,A,Middle,Medium,1,1,1,1,0,4
216,18,Female,0.87,0.4962481240620309,0.4377539711858145,0.853637287643386,0.7419307077287534,Yes,Bachelor,5.84,No,0.75,Yes,C,Young,Low,1,1,0,1,1,2
217,24,Male,1.21,0.17808904452226093,0.7295899519763576,0.18208218382459712,0.9082025466390287,No,Bachelor,7.61,Yes,0.375,No,A,Older,Low,0,0,1,0,1,4
218,23,Male,3.55,0.6860930465232618,0.3930550424824528,0.5805140119064904,0.5602605863192183,Yes,High School,6.41,No,0.875,No,A,Older,Medium,0,1,0,0,0,4
219,18,Female,4.68,0.991495747873937,0.6224602881418544,0.5205459561492667,0.5519692034350014,Yes,PhD,6.63,Yes,0.375,Yes,F,Young,Medium,1,1,1,1,3,0
220,18,Female,5.12,0.7473736868434218,0.5108976727004062,0.6775083490634528,0.7336393248445368,Yes,Master,8.31,No,0.75,Yes,C,Young,Medium,1,1,0,1,2,2
221,18,Female,1.61,0.7401200600300148,0.5581824898411525,0.9028604617395091,0.996742671009772,Yes,High School,6.01,No,0.375,Yes,C,Young,Low,1,1,0,1,0,2
222,20,Female,4.95,0.9504752376188095,0.6143332101957888,0.4800348482648467,0.5229493633402429,No,PhD,6.01,No,0.5,Yes,A,Young,Medium,1,0,0,1,3,4
223,23,Male,3.63,0.20285142571285641,0.2966383450314001,0.20531436038913903,0.4120521172638436,Yes,High School,8.8,Yes,0.75,Yes,C,Older,Medium,0,1,1,1,0,2
224,18,Female,2.68,0.5655327663831917,0.5736978204654599,0.6653114563670683,0.49126443588984314,Yes,Master,6.85,Yes,0.25,No,B,Young,Low,1,1,1,0,2,3
225,21,Male,3.03,0.9799899949974988,0.9610269671222755,0.8065921301001888,0.24059816405093282,Yes,Master,8.25,Yes,0.5,No,C,Middle,Medium,0,1,1,0,2,2
226,22,Female,5.2,0.16508254127063537,0.2506464721093462,0.5113982866269782,0.7848682262363045,Yes,Bachelor,5.4,Yes,0.25,Yes,C,Middle,Medium,1,1,1,1,1,2
227,18,Female,4.41,0.7003501750875438,0.5275212412264498,0.4415565558298243,0.4712762807225349,Yes,Bachelor,5.48,No,0.5,No,C,Young,Medium,1,1,0,0,1,2
228,20,Female,4.08,0.5857928964482242,0.745659401551533,0.48816611006243643,0.5390879478827362,Yes,Bachelor,6.09,No,0.25,No,D,Young,Medium,1,1,0,0,1,1
229,24,Female,4.37,0.5865432716358177,0.5940155153306241,0.7125018150137941,0.7873852531832988,Yes,Bachelor,6.52,No,0.75,No,D,Older,Medium,1,1,0,0,1,1
230,23,Female,5.39,0.6978489244622312,0.6653121536756557,0.4852620879918687,0.5017767249037607,No,Master,5.6,No,0.0,Yes,D,Older,Medium,1,0,0,1,2,1
231,20,Male,3.85,0.9297148574287144,0.09937199852234946,0.6217511253085524,0.7540716612377851,Yes,PhD,7.37,Yes,1.0,No,C,Young,Medium,0,1,1,0,3,2
232,18,Male,4.08,0.7826413206603302,0.648688585149612,0.5691883258312762,0.3549007995262067,Yes,PhD,7.43,No,1.0,No,B,Young,Medium,0,1,0,0,3,3
233,23,Female,5.71,0.056028014007003524,0.39748799408939783,0.5513285900972846,0.7983417234231567,Yes,PhD,6.1,Yes,0.5,Yes,C,Older,Medium,1,1,1,1,3,2
234,22,Female,3.5,0.8529264632316158,0.5954931658662725,0.6866560185857411,0.6613858454249333,Yes,High School,6.18,No,1.0,No,A,Middle,Medium,1,1,0,0,0,4
235,18,Male,4.93,0.22536268134067017,0.532877724418175,0.4810512559895456,0.5657388214391472,Yes,Bachelor,6.31,No,0.625,Yes,B,Young,Medium,0,1,0,1,1,3
236,20,Female,3.24,0.37693846923461716,0.9589951976357591,0.48932771889066357,0.6144506958839207,Yes,Bachelor,5.84,No,0.5,No,D,Young,Medium,1,1,0,0,1,1
237,19,Female,3.38,0.46173086543271635,0.639268562984854,0.7033541454915055,0.2996742671009772,Yes,Master,4.1,Yes,0.25,Yes,F,Young,Medium,1,1,1,1,2,0
238,21,Male,3.84,0.4809904952476236,0.5173623937938678,0.39247858283722953,0.6094166419899321,Yes,Master,6.91,Yes,0.875,Yes,B,Middle,Medium,0,1,1,1,2,3
239,24,Female,4.77,0.4352176088044022,0.25932766900628,0.411064324088863,0.553893988747409,No,High School,6.57,No,0.375,No,D,Older,Medium,1,0,0,0,0,1
240,20,Female,5.79,0.9374687343671835,0.5605836719615809,0.3448526208799187,0.305744743855493,Yes,High School,6.67,No,0.25,No,B,Young,Medium,1,1,0,0,0,3
241,23,Male,4.14,0.7061030515257629,0.6902475064647211,0.7123566139102655,0.43633402428190704,Yes,PhD,5.99,No,0.625,Yes,B,Older,Medium,0,1,0,1,3,3
242,18,Male,1.75,0.6313156578289143,0.523272995936461,0.5461013503702628,0.5567071365116969,Yes,Master,7.81,Yes,0.875,Yes,C,Young,Low,0,1,1,1,2,2
243,21,Male,4.95,0.049524762381190524,0.4447728112301439,0.33555975025410195,0.45054782351199296,No,Bachelor,9.43,Yes,1.0,No,A,Middle,Medium,0,0,1,0,1,4
244,18,Female,7.68,0.904202101050525,0.4323974879940893,0.713227820531436,0.049748297305300504,Yes,PhD,6.17,Yes,0.625,No,F,Young,High,1,1,1,0,3,0
245,23,Male,4.16,0.9097048524262132,0.6370520871813814,0.46754755336140547,0.8245484157536276,Yes,Bachelor,8.4,No,0.5,No,D,Older,Medium,0,1,0,0,1,1
246,18,Male,1.44,0.7803901950975485,0.6784263021795345,0.4125163351241469,0.553893988747409,Yes,PhD,7.37,Yes,0.125,No,B,Young,Low,0,1,1,0,3,3
247,19,Male,4.25,0.0067533766883440816,0.7896195049870705,0.5302744300856688,0.08039680189517329,No,Bachelor,7.04,No,0.125,Yes,F,Young,Medium,0,0,0,1,1,0
248,21,Male,4.0,0.057028514257128515,0.35445142223864057,0.8219834470741976,1.0,No,High School,6.66,Yes,1.0,Yes,B,Middle,Medium,0,0,1,1,0,3
249,21,Male,3.87,0.2251125562781391,0.6353897303287772,0.49557136634238425,0.8611193366893695,Yes,PhD,6.92,No,0.125,Yes,A,Middle,Medium,0,1,0,1,3,4
250,23,Male,5.42,0.13106553276638322,0.5157000369412634,0.6645854508494264,0.5079952620669232,Yes,Bachelor,8.15,No,0.125,No,F,Older,Medium,0,1,0,0,1,0
251,24,Female,6.07,0.39869934967483744,0.5212412264499444,0.6910120516915927,0.39828249925969794,Yes,Bachelor,5.86,Yes,0.25,No,D,Older,High,1,1,1,0,1,1
252,19,Female,5.03,0.9227113556778392,0.6124861470262282,0.6416436764919411,0.6750074030204323,Yes,Master,6.72,No,0.25,Yes,B,Young,Medium,1,1,0,1,2,3
253,20,Male,3.8,0.47198599299649824,0.6135943849279644,0.7858283722956294,0.6302931596091206,Yes,PhD,8.25,No,0.375,Yes,A,Young,Medium,0,1,0,1,3,4
254,18,Male,5.69,0.013256628314157082,0.6359438492796454,0.44112095251923905,0.7058039680189516,Yes,Bachelor,7.98,No,0.75,Yes,F,Young,Medium,0,1,0,1,1,0
255,22,Male,1.76,0.2826413206603302,0.34299963058736616,0.3826049077972992,0.39902280130293155,No,Master,5.88,Yes,1.0,Yes,B,Middle,Low,0,0,1,1,2,3
256,18,Female,2.93,0.04427213606803404,0.39970446989287023,0.37912008131261793,0.8292863488303228,Yes,Bachelor,6.82,No,0.125,Yes,B,Young,Medium,1,1,0,1,1,3
257,18,Female,3.09,0.03601800900450236,0.8127077946065755,0.5392768985044285,0.48030796564998535,Yes,PhD,7.73,Yes,0.375,Yes,D,Young,Medium,1,1,1,1,3,1
258,20,Female,3.95,0.2756378189094548,0.4974141115626156,0.3994482358065921,0.7366005330174712,Yes,High School,7.66,Yes,1.0,No,A,Young,Medium,1,1,1,0,0,4
259,18,Female,4.76,0.2753876938469233,0.5947543405984486,0.590097284739364,0.40849866745632213,Yes,PhD,7.98,No,0.125,Yes,C,Young,Medium,1,1,0,1,3,2
260,19,Female,3.7,0.7873936968484241,0.7330993719985222,0.5777551909394512,1.0,Yes,PhD,7.38,Yes,0.0,Yes,B,Young,Medium,1,1,1,1,3,3
261,19,Female,2.64,0.9749874937468732,0.6237532323605466,0.7418324379265282,0.7398578620076992,Yes,Bachelor,7.55,No,0.875,Yes,F,Young,Low,1,1,0,1,1,0
262,21,Female,5.46,0.37118559279639807,0.639268562984854,0.6150718745462465,1.0,Yes,Bachelor,7.34,Yes,1.0,Yes,D,Middle,Medium,1,1,1,1,1,1
263,23,Female,3.65,0.4289644822411205,0.7035463612855559,0.4919413387541746,0.7691738229197513,No,PhD,8.58,No,0.75,Yes,D,Older,Medium,1,0,0,1,3,1
264,24,Female,4.15,0.8449224612306154,0.14721093461396373,0.6359808334543342,0.46076399170861715,Yes,Master,6.58,Yes,0.875,Yes,B,Older,Medium,1,1,1,1,2,3
265,22,Male,4.83,0.26813406703351683,0.4477281123014405,0.3849281254537534,0.7696180041456915,Yes,Master,7.05,No,0.375,Yes,B,Middle,Medium,0,1,0,1,2,3
266,18,Male,4.06,0.1563281640820411,0.6248614702622828,0.5577174386525339,0.7854604678708914,Yes,Master,5.99,No,0.375,No,B,Young,Medium,0,1,0,0,2,3
267,18,Male,4.06,0.8531765882941471,0.7946065755448835,0.6200087120662117,0.6683446846313295,Yes,Bachelor,5.79,No,0.125,Yes,C,Young,Medium,0,1,0,1,1,2
268,20,Male,5.55,0.04627313656828402,0.5504248245289989,0.5869028604617395,0.7254960023689665,Yes,Bachelor,7.32,No,0.875,No,B,Young,Medium,0,1,0,0,1,3
269,23,Female,4.23,0.6198099049524766,0.3821573697820464,0.6367068389719761,0.7546639028723721,Yes,PhD,6.28,Yes,0.125,No,A,Older,Medium,1,1,1,0,3,4
270,19,Female,5.29,0.5620310155077539,0.3871444403398594,0.4521562363873966,0.36467278649689083,Yes,High School,6.94,Yes,1.0,No,F,Young,Medium,1,1,1,0,0,0
271,22,Male,4.82,0.3459229614807404,0.7015145917990395,0.76506461449107,0.3489783831803376,Yes,Bachelor,8.62,No,0.375,Yes,B,Middle,Medium,0,1,0,1,1,3
272,21,Female,7.03,0.31515757878939477,0.4979682305134834,0.8819515028314215,0.40909090909090917,Yes,PhD,8.56,Yes,0.0,Yes,C,Middle,High,1,1,1,1,3,2
273,19,Male,4.61,0.7718859429714859,0.5369412633912081,0.2851749673297517,0.6137103938406869,Yes,PhD,9.22,No,0.375,Yes,F,Young,Medium,0,1,0,1,3,0
274,23,Female,4.96,0.08629314657328657,0.6518285925378648,0.35254827936692307,0.5358306188925082,Yes,High School,8.64,No,0.25,Yes,D,Older,Medium,1,1,0,1,0,1
275,24,Male,5.65,0.23661830915457727,0.0022164758034723953,0.5719471467983155,0.36881847793899913,No,Master,9.4,Yes,0.625,Yes,B,Older,Medium,0,0,1,1,2,3
276,21,Female,4.1,0.7326163081540771,0.90764684152198,0.5196747495280964,0.7576251110453065,Yes,PhD,7.44,Yes,0.75,Yes,F,Middle,Medium,1,1,1,1,3,0
277,24,Female,3.04,0.5482741370685345,0.40321388991503504,0.8948744010454479,0.6483565294640214,Yes,PhD,6.1,No,0.875,Yes,D,Older,Medium,1,1,0,1,3,1
278,20,Male,3.29,0.12781390695347672,0.5829331363132619,0.6027297807463337,0.6228901391767843,No,PhD,6.0,Yes,0.125,Yes,C,Young,Medium,0,0,1,1,3,2
279,20,Female,3.3,0.8824412206103052,0.22330993719985215,0.8070277334107738,0.5281314776428783,Yes,Master,8.4,No,0.625,Yes,A,Young,Medium,1,1,0,1,2,4
280,18,Male,2.57,0.39344672336168074,0.46010343553749533,0.2073471758385363,0.5014806040864673,Yes,Master,7.05,Yes,0.625,Yes,B,Young,Low,0,1,1,1,2,3
281,24,Male,4.48,0.8279139569784895,0.7681935722201698,0.7062581675620734,0.3985786200769915,No,High School,7.13,Yes,0.5,No,A,Older,Medium,0,0,1,0,0,4
282,23,Male,3.06,0.7878939469734867,0.1843369043221279,0.43966894148395524,0.792863488303228,Yes,Bachelor,6.45,Yes,0.75,Yes,C,Older,Medium,0,1,1,1,1,2
283,22,Male,4.29,0.6245622811405704,0.7462135205024012,0.43691012051691586,0.4292271246668642,No,Master,6.57,Yes,0.25,Yes,F,Middle,Medium,0,0,1,1,2,0
284,21,Female,3.76,0.4944972486243122,0.4876246767639454,0.5211267605633803,0.6319218241042346,No,Bachelor,7.38,Yes,0.375,Yes,F,Middle,Medium,1,0,1,1,1,0
285,19,Female,3.94,0.9797398699349675,0.6281861839674918,0.316102802381298,0.9545454545454548,Yes,Bachelor,5.94,No,1.0,No,C,Young,Medium,1,1,0,0,1,2
286,23,Female,4.83,0.14482241120560269,0.6597709641669744,0.641498475388413,0.5116967722830915,Yes,Master,7.26,Yes,0.375,Yes,C,Older,Medium,1,1,1,1,2,2
287,23,Male,3.19,0.7253626813406706,0.6196896933875138,0.5976477421228401,0.7987859046490968,Yes,PhD,8.51,Yes,0.25,Yes,B,Older,Medium,0,1,1,1,3,3
288,20,Female,4.96,0.19109554777388715,0.3784632434429256,0.6107158414403948,0.7117263843648209,Yes,High School,4.87,No,0.125,No,D,Young,Medium,1,1,0,0,0,1
289,24,Male,6.35,0.3381690845422711,0.47081640192094554,0.7188906635690431,0.6545750666271839,Yes,Bachelor,5.46,No,0.5,Yes,A,Older,High,0,1,0,1,1,4
290,18,Female,4.51,0.30865432716358154,0.26819357222017004,0.8283722956294468,0.6810778797749482,Yes,PhD,7.68,No,0.375,No,A,Young,Medium,1,1,0,0,3,4
291,18,Female,2.83,0.947223611805903,0.6291097155522718,0.501089008276463,0.5644062777613266,Yes,Master,8.36,Yes,0.875,No,F,Young,Low,1,1,1,0,2,0
292,21,Female,3.08,0.9674837418709354,0.8526043590690799,0.6475969217366051,0.5931299970387918,Yes,Bachelor,6.51,Yes,0.75,No,F,Middle,Medium,1,1,1,0,1,0
293,20,Male,3.63,0.18284142071035503,0.20132988548208353,0.6155074778568315,0.4637251998815517,Yes,Bachelor,5.0,No,0.625,No,B,Young,Medium,0,1,0,0,1,3
294,23,Female,3.11,0.021760880440220065,0.39748799408939783,0.6301727893131988,0.5946106011252592,Yes,Bachelor,8.43,No,0.125,Yes,C,Older,Medium,1,1,0,1,1,2
295,22,Female,2.51,0.7201100550275137,0.504617657923901,0.6327864091767095,0.4554338169973349,Yes,PhD,6.19,No,0.25,No,A,Middle,Low,1,1,0,0,3,4
296,20,Male,4.23,0.4179589794897449,0.5701884004432951,0.8415855960505298,0.8087059520284277,Yes,PhD,6.64,No,1.0,No,B,Young,Medium,0,1,0,0,3,3
297,21,Female,3.67,0.08854427213606786,0.7005910602142593,0.48424568026717,0.20802487414865267,No,PhD,7.32,Yes,1.0,Yes,F,Middle,Medium,1,0,1,1,3,0
298,21,Male,4.28,0.68384192096048,0.5101588474325822,0.2985334688543632,0.6923304708320994,No,Bachelor,6.33,Yes,0.5,Yes,F,Middle,Medium,0,0,1,1,1,0
299,20,Female,5.78,0.545022511255628,0.47986701145179156,0.44286336576157975,0.6602013621557596,Yes,Bachelor,6.12,Yes,0.25,Yes,A,Young,Medium,1,1,1,1,1,4
300,21,Male,3.65,0.9807403701850927,0.7419652752124122,0.6963844925221432,0.6400651465798046,No,High School,6.14,Yes,0.125,No,F,Middle,Medium,0,0,1,0,0,0
301,20,Male,2.22,0.22736368184092037,0.6605097894347987,0.5684623203136343,0.8129997038791827,Yes,High School,8.86,Yes,0.875,Yes,F,Young,Low,0,1,1,1,0,0
302,19,Female,3.4,0.4039519759879939,0.6377909124492058,0.48293887033541455,0.5219129404797156,Yes,PhD,8.16,No,0.625,No,D,Young,Medium,1,1,0,0,3,1
303,20,Male,5.16,0.5425212606303154,0.5591060214259327,0.37679686365616377,0.6421379923008588,Yes,PhD,7.57,Yes,0.75,No,C,Young,Medium,0,1,1,0,3,2
304,24,Male,5.02,0.7918959479739871,0.7198005171776873,0.6030201829533903,0.20417530352383773,Yes,Master,4.81,No,0.0,Yes,F,Older,Medium,0,1,0,1,2,0
305,20,Male,4.78,0.5487743871935971,0.41706686368673807,0.6766371424422826,0.4931892212022505,No,PhD,7.58,No,0.0,Yes,D,Young,Medium,0,0,0,1,3,1
306,21,Male,3.06,0.6130565282641318,0.3917620982637604,0.6176854944097574,0.7755404204915606,Yes,High School,7.52,No,0.125,Yes,B,Middle,Medium,0,1,0,1,0,3
307,24,Male,5.13,0.22611305652826408,0.6760251200591059,0.5202555539422098,0.2879774948178857,Yes,High School,5.72,Yes,0.25,Yes,F,Older,Medium,0,1,1,1,0,0
308,21,Male,5.47,0.8471735867933967,0.23808644255633538,0.5899520836358356,0.6209653538643767,Yes,High School,7.26,No,0.0,Yes,B,Middle,Medium,0,1,0,1,0,3
309,18,Female,2.96,0.4287143571785894,0.5552271887698559,0.5889356759111368,0.4350014806040865,Yes,Bachelor,8.05,Yes,0.5,Yes,F,Young,Medium,1,1,1,1,1,0
310,18,Male,3.94,0.1408204102051025,0.47968230513483556,0.5975025410193118,0.5608528279538052,Yes,Bachelor,7.57,No,0.25,No,A,Young,Medium,0,1,0,0,1,4
311,24,Male,7.03,0.6643321660830415,0.27853712596970803,0.35806592130100184,0.44817885697364523,Yes,PhD,6.32,Yes,0.0,No,D,Older,High,0,1,1,0,3,1
312,19,Female,2.89,0.2158579289644822,0.36627262652382697,0.5988093509510672,0.3084098312111342,Yes,Master,7.01,No,0.875,Yes,D,Young,Low,1,1,0,1,2,1
313,18,Female,1.44,0.09729864932466237,0.5181012190616918,0.48758530564832286,0.6711578323956175,Yes,Master,7.73,Yes,0.625,No,A,Young,Low,1,1,1,0,2,4
314,20,Female,6.07,0.8621810905452727,0.7292205393424456,0.7457528677217946,0.5744743855493042,Yes,Master,7.06,No,1.0,No,C,Young,High,1,1,0,0,2,2
315,21,Female,5.7,0.46023011505752875,0.41762098263760605,0.5876288659793814,0.721498371335505,Yes,Bachelor,8.25,No,0.25,No,D,Middle,Medium,1,1,0,0,1,1
316,18,Female,3.31,0.7493746873436717,0.7622829700775766,0.7100333962538115,0.7619188628960616,Yes,High School,7.4,No,1.0,No,B,Young,Medium,1,1,0,0,0,3
317,18,Female,3.83,0.2903951975987995,0.5498707055781307,0.5118338899375634,0.8575658868818479,Yes,High School,7.75,No,1.0,No,D,Young,Medium,1,1,0,0,0,1
318,19,Female,2.16,0.7871435717858932,0.7801994828223124,0.5180775373892841,0.6150429375185076,Yes,Bachelor,7.82,Yes,0.0,No,C,Young,Low,1,1,1,0,1,2
319,24,Male,4.13,0.11180590295147574,0.4266715921684521,0.8247422680412371,0.8671898134438851,Yes,Master,5.93,Yes,0.25,Yes,B,Older,Medium,0,1,1,1,2,3
320,24,Male,5.75,0.3559279639819908,0.5291835980790542,0.6404820676637142,0.36867041753035235,Yes,Master,7.05,Yes,0.625,Yes,B,Older,Medium,0,1,1,1,2,3
321,23,Female,3.19,0.9782391195597802,0.606206132249723,0.43995934369101203,0.787237192774652,Yes,PhD,6.67,No,0.875,Yes,A,Older,Medium,1,1,0,1,3,4
322,19,Male,5.32,0.7941470735367684,0.504987070557813,0.7206330768113838,0.6874444773467576,No,PhD,8.04,No,0.375,No,F,Young,Medium,0,0,0,0,3,0
323,20,Male,4.7,0.4972486243121561,0.7142593276690063,0.471467983156672,0.6372519988155168,Yes,Master,7.46,No,0.5,Yes,A,Young,Medium,0,1,0,1,2,4
324,24,Male,4.87,0.3396698349174587,0.1304026597709642,0.6037461884710322,0.6841871483565296,Yes,Bachelor,6.81,No,1.0,Yes,F,Older,Medium,0,1,0,1,1,0
325,21,Female,3.27,0.8724362181090544,0.9855929072774288,0.8844199215914041,0.37207580692922715,No,Master,5.72,No,0.625,Yes,A,Middle,Medium,1,0,0,1,2,4
326,19,Female,3.47,0.5447723861930966,0.6967122275581823,0.314941193553071,0.31966242226828545,Yes,PhD,5.4,No,0.75,No,F,Young,Medium,1,1,0,0,3,0
327,18,Male,1.23,0.7586293146573286,0.5060953084595494,0.53375925657035,0.9652058039680191,Yes,Master,7.31,Yes,0.75,Yes,D,Young,Low,0,1,1,1,2,1
328,21,Female,3.15,0.7541270635317656,0.4362763206501663,0.6355452301437492,0.5479715724015399,Yes,Bachelor,6.28,Yes,0.375,No,B,Middle,Medium,1,1,1,0,1,3
329,21,Male,5.75,0.017758879439719877,0.3782785371259698,0.6976913024538987,0.5448623038199587,Yes,High School,7.67,Yes,0.375,Yes,F,Middle,Medium,0,1,1,1,0,0
330,18,Male,2.61,0.12606303151575782,0.6575544883635018,0.34819224626107154,0.34068700029612087,Yes,Bachelor,5.36,Yes,0.375,Yes,D,Young,Low,0,1,1,1,1,1
331,19,Male,2.83,0.6598299149574789,0.72201699298116,0.2967910556120226,0.25629256736748596,No,Bachelor,8.59,Yes,0.5,Yes,C,Young,Low,0,0,1,1,1,2
332,18,Male,4.96,0.16133066533266605,0.5081270779460658,0.7544649339334979,0.565886881847794,Yes,PhD,7.66,Yes,0.5,No,A,Young,Medium,0,1,1,0,3,4
333,23,Female,4.6,0.25537768884442213,0.7427041004802362,0.43894293596631334,0.5096239265620373,Yes,Bachelor,7.1,Yes,0.875,No,C,Older,Medium,1,1,1,0,1,2
334,21,Female,5.03,0.9469734867433717,0.3707055781307722,0.43153767968636564,0.5858750370151022,No,Bachelor,8.68,Yes,1.0,No,D,Middle,Medium,1,0,1,0,1,1
335,22,Female,2.26,0.5602801400700348,0.33801256002955293,0.8344707419776389,0.6048267693218834,No,PhD,7.95,No,0.125,No,C,Middle,Low,1,0,0,0,3,2
336,22,Male,7.85,0.7508754377188596,0.8731067602512004,0.576593582111224,1.0,Yes,PhD,6.52,No,0.75,No,C,Middle,High,0,1,0,0,3,2
337,20,Female,2.18,0.5580290145072535,0.6473956409309196,0.5776099898359226,0.5102161681966243,Yes,High School,7.08,No,0.0,Yes,D,Young,Low,1,1,0,1,0,1
338,24,Male,4.23,0.5525262631315657,0.7962689323974879,0.533033251052708,0.9363340242819072,Yes,Master,5.04,No,0.0,Yes,B,Older,Medium,0,1,0,1,2,3
339,18,Female,3.76,0.09404702351175587,0.380495012929442,0.35109626833163937,0.9501036422860527,Yes,Bachelor,8.06,No,0.375,No,F,Young,Medium,1,1,0,0,1,0
340,18,Male,2.22,0.3436718359179589,0.3675655707425194,0.6821547843763611,0.7527391175599645,Yes,PhD,6.7,No,0.75,No,A,Young,Low,0,1,0,0,3,4
341,20,Male,3.44,0.2823911955977989,0.47192463982268174,0.6356904312472773,0.5331655315368671,No,High School,5.02,No,0.125,Yes,F,Young,Medium,0,0,0,1,0,0
342,20,Male,4.03,0.39069534767383685,0.3860362024381234,0.5937273123275735,0.2830915013325437,Yes,Master,5.82,Yes,0.125,No,A,Young,Medium,0,1,1,0,2,4
343,20,Female,3.03,0.7983991995998001,0.6684521610639083,0.5440685349208654,0.6915901687888659,Yes,PhD,7.87,Yes,0.0,Yes,F,Young,Medium,1,1,1,1,3,0
344,21,Female,5.41,0.371935967983992,0.39951976357591423,0.5134311020763758,0.8116671602013623,Yes,Master,8.61,No,0.125,No,C,Middle,Medium,1,1,0,0,2,2
345,23,Female,3.76,0.45172586293146555,0.3217584041374215,0.723391897778423,0.9736452472608825,Yes,Master,7.02,Yes,0.75,Yes,B,Older,Medium,1,1,1,1,2,3
346,18,Female,1.99,0.39744872436218115,0.5644625046176579,0.5397125018150137,0.37444477346757477,Yes,Bachelor,6.02,Yes,1.0,No,C,Young,Low,1,1,1,0,1,2
347,21,Male,1.86,0.09329664832416218,0.2999630587366089,0.5532162044431537,0.5313888066331063,Yes,Bachelor,5.58,Yes,0.625,No,B,Middle,Low,0,1,1,0,1,3
348,20,Female,4.91,0.4409704852426213,0.2059475434059843,0.6567445912588934,0.3757773171453954,Yes,PhD,8.41,Yes,0.125,Yes,D,Young,Medium,1,1,1,1,3,1
349,18,Female,1.77,0.1953476738369182,0.5628001477650535,0.6006969652969363,0.44477346757477054,Yes,Master,7.45,Yes,1.0,Yes,A,Young,Low,1,1,1,1,2,4
350,21,Male,4.47,0.18659329664832414,0.21518285925378633,0.8505880644692898,0.7330470832099496,Yes,PhD,6.67,No,0.75,No,A,Middle,Medium,0,1,0,0,3,4
351,23,Male,4.67,0.09379689844922456,0.6813816032508311,0.25744155655582984,0.43455729937814636,Yes,PhD,6.43,Yes,0.0,No,D,Older,Medium,0,1,1,0,3,1
352,21,Male,2.51,0.3566783391695847,0.28056889545622443,0.6166690866850586,0.40242819070180635,Yes,Master,7.67,No,1.0,Yes,F,Middle,Low,0,1,0,1,2,0
353,23,Female,5.34,0.7576288144072034,0.1243073513114149,0.44141135472629595,0.762363044122002,Yes,PhD,7.64,No,0.125,No,D,Older,Medium,1,1,0,0,3,1
354,20,Male,1.42,0.2763881940970485,0.4839305504248246,0.400174241324234,0.68551969203435,Yes,Master,6.1,No,0.375,Yes,D,Young,Low,0,1,0,1,2,1
355,23,Male,4.44,0.31215607803901935,0.5650166235685261,0.4848264846812835,0.6631625703286941,Yes,Master,5.86,Yes,1.0,Yes,B,Older,Medium,0,1,1,1,2,3
356,18,Male,3.94,0.6428214107053525,0.6289250092353158,0.5739799622477129,0.44047971572401545,Yes,Master,5.91,No,0.375,No,D,Young,Medium,0,1,0,0,2,1
357,20,Female,3.82,0.19559779889944973,0.5700036941263391,0.5816756207347176,0.8726680485638141,Yes,Master,6.53,No,0.25,Yes,A,Young,Medium,1,1,0,1,2,4
358,18,Male,2.23,0.8971985992996498,0.34263021795345394,0.29998547988964713,0.5886881847793901,Yes,High School,6.31,No,0.0,Yes,C,Young,Low,0,1,0,1,0,2
359,22,Female,2.59,0.5202601300650325,0.6699298115995567,0.4701611732249164,1.0,Yes,Master,8.62,No,0.75,No,B,Middle,Low,1,1,0,0,2,3
360,19,Female,6.43,0.4474737368684343,0.7155522718876983,0.613329461303906,0.6212614746816703,No,Bachelor,6.5,Yes,0.625,Yes,B,Young,High,1,0,1,1,1,3
361,23,Male,5.82,0.5577788894447222,0.3154783893609161,0.4116451285029766,0.06721942552561444,Yes,Bachelor,5.75,No,0.375,Yes,F,Older,High,0,1,0,1,1,0
362,19,Male,5.11,0.16583291645822906,0.504802364240857,0.370117612893858,0.05729937814628361,Yes,Bachelor,5.81,No,0.625,Yes,C,Young,Medium,0,1,0,1,1,2
363,19,Female,5.41,0.6135567783891949,0.4876246767639454,0.17133730216349646,0.7240153982824993,Yes,Master,6.82,No,0.625,Yes,B,Young,Medium,1,1,0,1,2,3
364,23,Male,5.27,0.3629314657328664,0.5788695973402291,0.44881661100624365,0.8742967130589281,Yes,Bachelor,5.18,No,0.375,No,D,Older,Medium,0,1,0,0,1,1
365,20,Male,3.51,0.8974487243621811,0.500369412633912,0.36401916654566574,0.4113118152206101,No,High School,6.94,Yes,0.625,Yes,B,Young,Medium,0,0,1,1,0,3
366,22,Female,4.07,0.16858429214607296,0.5256741780568894,0.39291418614781465,1.0,Yes,PhD,5.66,No,0.875,No,B,Middle,Medium,1,1,0,0,3,3
367,18,Female,1.79,0.5070035017508756,0.6568156630956778,0.5170611296645853,0.9546935149541014,Yes,Master,8.16,No,0.25,Yes,B,Young,Low,1,1,0,1,2,3
368,21,Male,3.87,0.5980490245122563,0.3324713705208717,0.459851894874401,0.6322179449215279,Yes,Bachelor,7.12,No,0.375,No,F,Middle,Medium,0,1,0,0,1,0
369,18,Female,5.78,0.03326663331665847,0.6743627632065017,0.36126034557862635,0.7052117263843649,Yes,High School,9.12,No,0.0,Yes,B,Young,Medium,1,1,0,1,0,3
370,21,Male,3.01,0.3636818409204601,0.7489841152567416,0.1957310875562654,0.7841279241930708,Yes,PhD,6.77,No,0.375,No,B,Middle,Medium,0,1,0,0,3,3
371,18,Male,5.53,0.7328664332166084,0.8400443295160696,0.6171046899956438,1.0,Yes,High School,3.87,No,1.0,Yes,F,Young,Medium,0,1,0,1,0,0
372,23,Male,4.14,0.8206603301650826,0.14240857037310672,0.6955132859009727,0.7368966538347648,Yes,Bachelor,8.46,Yes,0.875,Yes,C,Older,Medium,0,1,1,1,1,2
373,22,Female,1.92,0.31315657828914456,0.504432951606945,0.49528096413532735,0.6271838910275391,Yes,High School,7.5,No,0.375,Yes,A,Middle,Low,1,1,0,1,0,4
374,21,Male,2.34,0.798649324662331,0.17528629479128188,0.5180775373892841,0.7346757477050636,No,PhD,7.66,Yes,0.75,Yes,F,Middle,Low,0,0,1,1,3,0
375,24,Male,5.38,0.967983991995998,0.08847432582194303,0.5648322927254246,0.7047675451584248,No,Bachelor,6.0,Yes,0.25,No,F,Older,Medium,0,0,1,0,1,0
376,20,Male,4.83,0.8569284642321158,0.5648319172515699,0.8395527806011325,0.7907906425821736,Yes,PhD,6.96,No,1.0,No,B,Young,Medium,0,1,0,0,3,3
377,18,Female,4.15,0.11755877938969461,0.46453638714444034,0.29127341367794385,0.23674859342611787,Yes,High School,7.19,Yes,0.375,Yes,B,Young,Medium,1,1,1,1,0,3
378,18,Female,3.59,0.739869934967484,0.5936461026967121,0.4922317409612313,0.655611489487711,Yes,Master,6.76,No,0.125,No,A,Young,Medium,1,1,0,0,2,4
379,21,Female,4.32,0.31965982991495756,0.6280014776505356,0.2644112095251924,0.687740598164051,Yes,Master,5.27,Yes,0.5,Yes,B,Middle,Medium,1,1,1,1,2,3
380,20,Female,5.32,0.9887443721860931,0.768747691171038,0.6275591694496876,0.5692922712466686,No,Master,9.77,No,0.125,Yes,D,Young,Medium,1,0,0,1,2,1
381,20,Female,6.21,0.4852426213106553,0.5482083487255265,0.5392768985044285,0.7595498963577141,Yes,Master,7.84,Yes,0.625,No,B,Young,High,1,1,1,0,2,3
382,23,Male,6.29,0.12231115557778893,1.0,0.5998257586757658,1.0,Yes,PhD,7.42,Yes,0.0,No,B,Older,High,0,1,1,0,3,3
383,24,Female,4.56,0.7253626813406706,0.5947543405984486,0.5911136924640628,0.6160793603790347,Yes,Master,8.31,No,0.625,No,D,Older,Medium,1,1,0,0,2,1
384,23,Female,3.74,0.32291145572786406,0.8784632434429258,0.7370408015100913,0.7391175599644655,Yes,PhD,7.64,Yes,0.375,Yes,A,Older,Medium,1,1,1,1,3,4
385,23,Female,4.22,0.9972486243121561,0.10731437015145917,0.6581966022941772,0.9421083802191295,No,Bachelor,6.32,Yes,0.25,Yes,D,Older,Medium,1,0,1,1,1,1
386,23,Male,4.78,0.9799899949974988,0.787587735500554,0.709162189632641,0.6212614746816703,No,Master,8.25,Yes,0.125,No,F,Older,Medium,0,0,1,0,2,0
387,23,Female,4.78,0.6563281640820411,0.504802364240857,0.3786844780020328,0.38806633106307376,Yes,PhD,7.85,Yes,0.75,Yes,D,Older,Medium,1,1,1,1,3,1
388,23,Female,5.96,0.12956478239119562,0.17842630217953448,0.7723246696674892,0.7222386733787385,Yes,Master,6.36,Yes,1.0,No,C,Older,High,1,1,1,0,2,2
389,22,Male,7.17,0.6868434217108552,0.615995567048393,0.4385073326557281,0.09653538643766657,No,Master,7.79,No,0.25,No,F,Middle,High,0,0,0,0,2,0
390,20,Female,3.69,0.09279639819909957,0.48226819357222017,0.44852620879918687,0.07491856677524433,No,Master,6.76,Yes,0.625,No,B,Young,Medium,1,0,1,0,2,3
391,23,Male,7.23,0.029014507253626753,0.6453638714444032,0.6115870480615653,0.6594610601125259,Yes,PhD,7.21,Yes,1.0,No,F,Older,High,0,1,1,0,3,0
392,20,Male,5.76,0.8231615807903951,0.7249722940524566,0.6169594888921155,0.06470239857862004,Yes,High School,7.6,No,0.125,No,A,Young,Medium,0,1,0,0,0,4
393,20,Male,3.85,0.2096048024012005,0.2632065016623568,0.3776680702773341,0.293307669529168,Yes,Master,8.37,No,0.75,No,A,Young,Medium,0,1,0,0,2,4
394,19,Male,6.25,0.37893946973486736,0.7257111193202808,0.5341948598809352,0.5010364228605271,Yes,Master,6.35,No,0.5,Yes,D,Young,High,0,1,0,1,2,1
395,22,Male,6.53,0.9737368684342171,0.5393424455116365,0.8237258603165383,0.42522949363340246,No,Bachelor,7.36,Yes,0.5,Yes,F,Middle,High,0,0,1,1,1,0
396,23,Female,3.31,0.3366683341670835,0.7881418544514223,0.30855234499782197,0.5525614450695884,Yes,High School,9.02,Yes,0.75,No,B,Older,Medium,1,1,1,0,0,3
397,18,Male,6.6,0.2963981990995497,0.500369412633912,0.8231450559024247,0.8325436778205508,No,PhD,6.82,Yes,1.0,No,A,Young,High,0,0,1,0,3,4
398,21,Male,5.61,0.9184592296148075,0.4514222386405613,0.5222883693916072,0.6384364820846906,Yes,Bachelor,7.2,Yes,0.375,No,B,Middle,Medium,0,1,1,0,1,3
399,24,Female,7.55,0.11055527763881945,0.5432212781677133,0.1571075940177145,0.39902280130293155,Yes,Master,9.01,No,1.0,Yes,C,Older,High,1,1,0,1,2,2
400,18,Male,3.36,0.7596298149074538,0.5570742519394163,0.3262668796282852,0.8862896061593128,Yes,Bachelor,7.64,No,1.0,No,A,Young,Medium,0,1,0,0,1,4
401,22,Female,3.47,0.9882441220610305,0.41577391946804587,0.3965442137360244,0.26813740005922415,Yes,Bachelor,5.53,Yes,0.375,No,D,Middle,Medium,1,1,1,0,1,1
402,21,Female,0.96,0.9014507253626811,0.4466198743997045,0.4556410628720778,0.6347349718685225,Yes,Master,6.2,Yes,0.25,No,C,Middle,Low,1,1,1,0,2,2
403,22,Female,4.86,0.6518259129564781,0.3115995567048393,0.5461013503702628,0.24341131181522058,Yes,High School,7.69,Yes,0.125,Yes,F,Middle,Medium,1,1,1,1,0,0
404,20,Male,4.56,0.31390695347673847,0.45788695973402294,0.09336430956875269,0.6413976902576253,Yes,High School,7.42,Yes,1.0,No,B,Young,Medium,0,1,1,0,0,3
405,21,Male,3.16,0.25412706353176584,0.6630956778721833,0.596921736605198,0.5146579804560261,Yes,Bachelor,7.16,No,0.125,Yes,A,Middle,Medium,0,1,0,1,1,4
406,20,Male,3.88,0.819409704852426,0.5129294421869226,0.38057209234790185,0.8257328990228014,Yes,Master,9.16,No,0.625,Yes,C,Young,Medium,0,1,0,1,2,2
407,18,Female,2.03,0.8799399699849926,0.7246028814185446,0.8067373312037169,0.745484157536275,Yes,PhD,6.38,Yes,0.5,No,C,Young,Low,1,1,1,0,3,2
408,18,Male,5.8,0.525512756378189,0.504063538973033,0.5173515318716422,0.45498963577139473,Yes,Bachelor,6.93,No,0.5,Yes,A,Young,Medium,0,1,0,1,1,4
409,21,Male,3.27,0.24412206103051504,0.27373476172885103,0.7286191375054449,0.41249629848978386,Yes,PhD,5.04,Yes,0.375,Yes,F,Middle,Medium,0,1,1,1,3,0
410,21,Male,8.64,0.11280640320160074,0.648503878832656,0.7578045593146505,0.5153982824992597,Yes,Bachelor,8.16,Yes,0.625,Yes,F,Middle,High,0,1,1,1,1,0
411,23,Female,3.74,0.08704352176088048,0.4137421499815295,0.7531581240017424,1.0,Yes,Bachelor,6.2,No,0.5,No,D,Older,Medium,1,1,0,0,1,1
412,22,Female,2.86,0.7191095547773889,0.495197635759143,0.46565993901553654,0.9450695883920641,Yes,Master,8.06,Yes,0.375,Yes,F,Middle,Low,1,1,1,1,2,0
413,23,Male,3.38,0.4199599799899949,0.7669006280014774,0.4634819224626106,0.37044714243411314,Yes,Master,7.95,No,1.0,No,D,Older,Medium,0,1,0,0,2,1
414,22,Male,1.88,0.9054527263631815,0.3237901736239379,0.525192391462175,0.7631033461652355,Yes,PhD,9.35,Yes,0.625,No,C,Middle,Low,0,1,1,0,3,2
415,23,Male,4.72,0.739869934967484,0.5687107499076469,0.6751851314069985,0.2009179745336097,Yes,PhD,7.65,No,0.25,No,A,Older,Medium,0,1,0,0,3,4
416,20,Male,3.37,0.19109554777388715,0.5306612486147027,0.4753884129519384,0.48608232158720766,Yes,High School,6.64,Yes,0.625,Yes,F,Young,Medium,0,1,1,1,0,0
417,21,Female,5.7,0.6138069034517257,0.6677133357960843,0.5436329316102801,0.3794788273615636,Yes,Master,7.45,No,0.0,No,D,Middle,Medium,1,1,0,0,2,1
418,18,Female,3.59,0.4354677338669335,0.6961581086073143,0.6120226513721503,0.8229197512585136,Yes,Bachelor,6.24,Yes,0.5,Yes,C,Young,Medium,1,1,1,1,1,2
419,22,Female,6.08,0.5772886443221612,0.5869966752862947,0.4067082909830115,0.2987859046490968,Yes,Bachelor,7.32,Yes,0.625,Yes,F,Middle,High,1,1,1,1,1,0
420,22,Female,5.14,0.7381190595297649,0.47173993350572596,0.39567300711485404,0.6807817589576548,Yes,High School,6.8,No,0.875,Yes,B,Middle,Medium,1,1,0,1,0,3
421,18,Male,4.04,0.8064032016008005,0.6256002955301072,0.5368084797444459,0.5855789161978089,Yes,Master,6.93,Yes,1.0,Yes,C,Young,Medium,0,1,1,1,2,2
422,23,Male,6.37,0.8439219609804902,0.7850018470631694,0.5598954552054594,0.5464909683150727,Yes,Bachelor,6.1,No,0.25,No,F,Older,High,0,1,0,0,1,0
423,22,Male,5.43,0.25387693846923454,0.5332471370520873,0.640046464353129,0.9566183002665087,Yes,High School,7.3,No,0.125,No,C,Middle,Medium,0,1,0,0,0,2
424,24,Female,8.42,0.030765382691345655,0.4889176209826376,0.6814287788587192,0.9763103346165236,Yes,High School,7.82,Yes,0.375,Yes,A,Older,High,1,1,1,1,0,4
425,20,Male,3.39,0.7393696848424209,0.6099002585888436,0.37287643386089736,0.5533017471128221,Yes,Bachelor,5.35,Yes,0.875,No,A,Young,Medium,0,1,1,0,1,4
426,21,Female,4.11,0.10605302651325665,0.5454377539711859,0.42282561347466235,0.5085875037015103,Yes,Bachelor,6.31,Yes,0.875,No,A,Middle,Medium,1,1,1,0,1,4
427,18,Female,6.35,0.31490745372686324,0.29109715552271886,0.3952374038042689,0.250814332247557,Yes,PhD,7.17,Yes,0.25,No,B,Young,High,1,1,1,0,3,3
428,21,Male,1.68,0.0035017508754375815,0.5823790173623937,0.8105125598954552,0.5845424933372816,Yes,Master,4.65,No,0.375,Yes,A,Middle,Low,0,1,0,1,2,4
429,24,Male,5.98,0.68184092046023,0.28943479867011446,0.5434877305067518,1.0,Yes,PhD,8.74,Yes,0.25,No,B,Older,High,0,1,1,0,3,3
430,22,Male,4.66,0.16708354177088536,0.607314370151459,0.5671555103818788,0.5568551969203435,Yes,High School,6.29,Yes,0.125,Yes,A,Middle,Medium,0,1,1,1,0,4
431,22,Female,2.67,0.6553276638319159,0.3910232729959364,0.5744155655582981,0.7472608824400357,Yes,Bachelor,6.06,Yes,0.375,No,C,Middle,Low,1,1,1,0,1,2
432,24,Male,1.96,0.9919959979989996,0.5450683413372737,0.43966894148395524,0.2750962392656203,Yes,PhD,6.79,No,0.625,Yes,F,Older,Low,0,1,0,1,3,0
433,18,Female,2.99,0.07253626813406688,0.6104543775397118,0.8369391607376215,0.4888954693514955,Yes,High School,7.14,Yes,0.5,Yes,F,Young,Medium,1,1,1,1,0,0
434,20,Male,0.57,0.07678839419709838,0.9915035094200222,0.6359808334543342,0.6881847793899911,Yes,Master,6.24,No,0.25,Yes,A,Young,Low,0,1,0,1,2,4
435,19,Female,3.27,0.34042021010505263,0.6754710011082379,0.5713663423842021,0.6089724607639917,Yes,Bachelor,7.98,Yes,0.125,No,F,Young,Medium,1,1,1,0,1,0
436,18,Female,4.93,0.8666833416708353,0.7903583302548947,0.3718600261361987,0.7685815812851644,Yes,PhD,7.4,No,1.0,Yes,A,Young,Medium,1,1,0,1,3,4
437,19,Male,3.29,0.2153576788394198,0.8840044329516068,0.36198635109626837,0.45158424637252004,Yes,Master,6.16,Yes,0.0,No,A,Young,Medium,0,1,1,0,2,4
438,24,Female,6.08,0.3604302151075538,0.6285555966014038,0.5105270800058082,0.1967722830915013,Yes,PhD,6.48,Yes,1.0,Yes,D,Older,High,1,1,1,1,3,1
439,23,Female,6.49,0.06828414207103561,0.5910602142593275,0.44242776245099463,0.834616523541605,Yes,High School,5.48,No,0.0,No,D,Older,High,1,1,0,0,0,1
440,19,Male,5.91,0.763381690845423,0.34115256741780553,0.378394075794976,0.3775540420491561,No,Master,5.75,Yes,0.75,Yes,D,Young,High,0,0,1,1,2,1
441,20,Female,4.35,0.4082041020510254,0.5166235685260434,0.49978219834470733,0.6979567663606752,Yes,PhD,7.39,Yes,0.625,No,B,Young,Medium,1,1,1,0,3,3
442,23,Male,0.51,0.7593796898449225,0.40469154045068323,0.526644402497459,0.68551969203435,Yes,Master,6.17,Yes,0.75,Yes,D,Older,Low,0,1,1,1,2,1
443,19,Female,2.94,0.9037018509254628,0.46416697451052813,0.5890808770146652,0.21587207580692924,No,High School,8.8,No,0.25,Yes,A,Young,Medium,1,0,0,1,0,4
444,24,Male,3.79,0.23261630815407708,0.8838197266346508,0.47655002178016553,0.8184779389991117,Yes,Master,7.07,Yes,0.25,Yes,C,Older,Medium,0,1,1,1,2,2
445,23,Male,2.66,0.8076538269134566,0.5594754340598449,0.3888485552490198,0.4595795084394433,Yes,PhD,5.65,No,0.0,No,D,Older,Low,0,1,0,0,3,1
446,24,Female,3.79,0.05877938969484742,0.3764314739564092,0.3948018004936837,0.5977198697068404,Yes,High School,5.86,No,0.375,Yes,D,Older,Medium,1,1,0,1,0,1
447,19,Female,6.42,0.898949474737369,0.7922053934244551,0.7758094961521707,0.5059224163458691,Yes,Bachelor,8.05,No,0.125,Yes,C,Young,High,1,1,0,1,1,2
448,24,Female,1.53,0.6508254127063533,0.7146287403029183,0.3463046319152025,0.9458098904352976,Yes,PhD,6.92,Yes,0.875,Yes,A,Older,Low,1,1,1,1,3,4
449,20,Female,6.72,0.8744372186093048,0.7244181751015883,0.6277043705532162,0.8837725792123188,Yes,PhD,7.99,No,0.25,Yes,B,Young,High,1,1,0,1,3,3
450,19,Female,5.33,0.0,0.16771333579608405,0.6548569769130246,0.18285460467870895,Yes,High School,6.63,No,0.75,No,D,Young,Medium,1,1,0,0,0,1
451,19,Male,4.4,0.16883441720860448,0.8982268193572218,0.5431973282996951,1.0,Yes,High School,6.44,Yes,0.75,Yes,C,Young,Medium,0,1,1,1,0,2
452,19,Female,2.93,0.38969484742371185,0.4349833764314739,0.8723682299985478,0.4348534201954397,No,Bachelor,8.12,No,1.0,Yes,A,Young,Medium,1,0,0,1,1,4
453,18,Male,2.69,0.3794397198599302,0.6819357222016993,0.6518077537389282,1.0,No,PhD,6.14,No,0.625,No,F,Young,Low,0,0,0,0,3,0
454,18,Male,1.56,0.22661330665332646,1.0,0.8854363293161027,0.5285756588688184,Yes,High School,7.49,Yes,0.0,No,B,Young,Low,0,1,1,0,0,3
455,18,Female,6.58,0.3814407203601802,0.9362763206501661,0.45099462755916936,0.509771986970684,Yes,Bachelor,6.79,Yes,0.875,No,C,Young,High,1,1,1,0,1,2
456,20,Male,6.31,0.12856428214107063,0.35759142962689316,0.4538986496297372,0.530500444181226,Yes,Bachelor,7.88,No,0.0,Yes,C,Young,High,0,1,0,1,1,2
457,23,Male,1.89,0.41270635317658844,0.2713335796084224,0.6563089879483084,0.4964465501924785,No,High School,8.82,Yes,0.25,No,C,Older,Low,0,0,1,0,0,2
458,24,Male,3.17,0.8024012006003001,0.8023642408570373,0.518803542906926,1.0,Yes,PhD,6.61,Yes,0.5,No,D,Older,Medium,0,1,1,0,3,1
459,22,Male,4.65,0.4789894947473736,0.5644625046176579,0.858138521852766,0.5684039087947883,Yes,Master,6.45,Yes,0.875,No,F,Middle,Medium,0,1,1,0,2,0
460,19,Female,3.55,0.017758879439719877,0.4456963428149241,0.6239291418614781,0.5183594906721942,Yes,Master,7.67,No,1.0,Yes,B,Young,Medium,1,1,0,1,2,3
461,24,Male,1.12,0.4214607303651825,0.6529368304396008,0.3824597066937709,0.6026058631921825,Yes,Bachelor,5.92,No,0.75,Yes,A,Older,Low,0,1,0,1,1,4
462,19,Female,3.01,0.02701350675337677,0.5081270779460658,0.2617975896616814,0.37059520284275993,Yes,Master,8.62,Yes,1.0,Yes,A,Young,Medium,1,1,1,1,2,4
463,20,Female,6.93,0.9664832416208107,0.6677133357960843,0.5507477856831711,0.9401835949067219,Yes,Master,8.45,No,0.25,No,F,Young,High,1,1,0,0,2,0
464,19,Male,3.12,0.1273136568284141,0.5506095308459549,0.5488601713373022,0.2586615339058336,Yes,High School,6.0,Yes,0.5,Yes,C,Young,Medium,0,1,1,1,0,2
465,18,Female,3.75,0.7078539269634816,0.6715921684521611,0.6191375054450412,0.44906721942552563,Yes,Bachelor,5.42,Yes,0.875,No,C,Young,Medium,1,1,1,0,1,2
466,22,Female,2.28,0.9729864932466232,0.3729220539342444,0.7753738928415854,0.7934557299378147,Yes,PhD,5.84,Yes,0.0,No,C,Middle,Low,1,1,1,0,3,2
467,21,Female,4.88,0.8261630815407708,0.8012560029553009,0.7524321184841005,0.5949067219425526,Yes,Bachelor,5.85,Yes,0.875,No,C,Middle,Medium,1,1,1,0,1,2
468,19,Male,4.17,0.6993496748374186,0.6671592168452161,0.4634819224626106,0.7074326325140656,No,High School,7.8,Yes,0.75,Yes,C,Young,Medium,0,0,1,1,0,2
469,24,Female,2.89,0.8396698349174585,0.6575544883635018,0.3388993756352548,0.9259697956766362,No,Master,8.55,No,0.0,No,F,Older,Low,1,0,0,0,2,0
470,18,Female,2.04,0.9819909954977488,0.3317325452530475,0.34935385508929867,0.8084098312111343,No,PhD,7.79,No,0.625,No,D,Young,Low,1,0,0,0,3,1
471,21,Female,6.11,0.6213106553276635,0.852234946435168,0.4360389138957455,0.6159312999703881,No,Bachelor,6.76,No,0.0,Yes,B,Middle,High,1,0,0,1,1,3
472,22,Male,1.59,0.55927963981991,0.5356483191725157,0.5005082038623492,1.0,Yes,Master,7.34,No,0.125,No,C,Middle,Low,0,1,0,0,2,2
473,21,Female,4.76,0.6283141570785391,0.6727004063538973,0.6175402933062291,0.4458098904352976,Yes,Bachelor,6.13,Yes,0.5,No,D,Middle,Medium,1,1,1,0,1,1
474,18,Male,0.77,0.5327663831915959,0.47857406723309914,0.42485842892405984,0.5632217944921529,Yes,PhD,8.1,Yes,0.125,No,A,Young,Low,0,1,1,0,3,4
475,23,Male,5.06,0.6350675337668834,0.5864425563354265,0.6131842602003774,0.5786200769914127,No,Bachelor,7.43,No,0.0,Yes,F,Older,Medium,0,0,0,1,1,0
476,23,Male,5.46,0.44972486243121557,0.5930919837458439,0.6274139683461595,0.5626295528575658,Yes,Bachelor,7.77,No,0.625,No,D,Older,Medium,0,1,0,0,1,1
477,21,Male,5.64,0.21835917958979478,0.017362393793867725,0.589371279221722,0.3479419603198105,Yes,Bachelor,6.27,Yes,0.875,Yes,C,Middle,Medium,0,1,1,1,1,2
478,20,Male,3.76,0.12006003001500742,0.6457332840783152,0.3677943952374038,0.23378738525318332,Yes,Master,6.83,Yes,0.875,Yes,C,Young,Medium,0,1,1,1,2,2
479,24,Male,6.38,0.06803401700850409,0.9011821204285186,0.6458545084942644,0.6781166716020137,Yes,PhD,7.73,Yes,0.875,No,C,Older,High,0,1,1,0,3,2
480,24,Female,7.46,0.26313156578289143,0.6379756187661618,0.9271090460287499,0.44477346757477054,Yes,PhD,8.44,No,0.625,No,D,Older,High,1,1,0,0,3,1
481,21,Male,3.52,0.04577288644322164,0.36128555596601397,0.6072310149557136,1.0,Yes,Master,6.39,Yes,0.25,No,C,Middle,Medium,0,1,1,0,2,2
482,19,Female,3.32,0.5672836418209104,0.658293313631326,0.04980397851023671,0.5692922712466686,Yes,Master,7.78,Yes,0.0,No,D,Young,Medium,1,1,1,0,2,1
483,19,Female,4.22,0.283641820910455,0.7338381972663466,0.7806011325686075,0.5296120817293457,Yes,Master,6.29,No,0.125,Yes,C,Young,Medium,1,1,0,1,2,2
484,24,Male,3.28,0.824662331165583,0.6328038418913928,0.4419921591404094,0.8285460467870893,Yes,High School,9.12,No,0.5,Yes,A,Older,Medium,0,1,0,1,0,4
485,24,Female,3.06,0.07403701850925448,0.5245659401551535,0.9591984899085231,0.6747112822031389,Yes,Bachelor,6.59,No,0.5,No,A,Older,Medium,1,1,0,0,1,4
486,23,Female,3.19,0.22611305652826408,0.4935352789065386,0.5847248439088137,0.5464909683150727,No,Bachelor,7.64,Yes,0.0,Yes,B,Older,Medium,1,0,1,1,1,3
487,20,Female,6.57,0.7303651825912953,0.4927964536387146,0.27080005808044144,0.44314480307965654,Yes,PhD,7.17,Yes,0.0,No,C,Young,High,1,1,1,0,3,2
488,18,Female,5.16,0.5987993996998502,0.6671592168452161,0.204588354871497,1.0,Yes,Bachelor,9.61,No,1.0,No,C,Young,Medium,1,1,0,0,1,2
489,19,Male,3.28,0.0642821410705352,0.27835241965275204,0.8327283287352985,0.6658276576843354,Yes,High School,7.23,Yes,0.125,No,D,Young,Medium,0,1,1,0,0,1
490,24,Female,0.32,0.87743871935968,0.46952345770225334,0.7570785537970086,0.8263251406573882,Yes,Master,6.48,Yes,0.75,No,D,Older,Low,1,1,1,0,2,1
491,23,Male,1.68,0.87743871935968,0.8330254894717397,0.9522288369391605,0.35830618892508137,Yes,PhD,7.64,Yes,0.375,Yes,C,Older,Low,0,1,1,1,3,2
492,22,Female,4.76,0.33041520760380183,0.8400443295160696,0.5662843037607084,0.4570624814924489,Yes,PhD,7.62,No,0.75,Yes,B,Middle,Medium,1,1,0,1,3,3
493,23,Female,0.82,0.34042021010505263,0.2652382711488732,0.5545230143749091,1.0,Yes,Bachelor,6.84,No,0.875,No,C,Older,Low,1,1,0,0,1,2
494,19,Male,4.44,0.9892446223111557,0.3293313631326191,0.49774938289530996,0.895617411904057,Yes,PhD,5.91,Yes,0.5,No,D,Young,Medium,0,1,1,0,3,1
495,19,Female,2.4,0.6263131565782891,0.4881787957148136,0.449687817627414,0.6870002961208173,Yes,Master,6.47,Yes,0.0,Yes,C,Young,Low,1,1,1,1,2,2
496,23,Female,4.14,0.531265632816408,0.7031769486516439,0.4960069696529695,0.5007403020432337,Yes,PhD,7.88,Yes,0.375,Yes,D,Older,Medium,1,1,1,1,3,1
497,18,Female,4.1,0.8384192096048024,0.20077576653121532,0.6022941774357484,0.5334616523541604,Yes,Master,5.25,Yes,0.25,Yes,C,Young,Medium,1,1,1,1,2,2
498,21,Male,4.18,0.2851425712856428,0.528075360177318,0.4173079715405837,0.43529760142137996,Yes,High School,6.75,No,0.5,No,F,Middle,Medium,0,1,0,0,0,0
499,19,Female,3.41,0.4292146073036518,0.4506834133727373,0.2735588790474807,0.3285460467870891,Yes,High School,7.99,No,0.625,Yes,D,Young,Medium,1,1,0,1,0,1
500,23,Male,3.36,0.267633816908454,0.7831547838936093,0.5922753012922897,0.7906425821735268,No,Master,6.91,Yes,0.125,No,B,Older,Medium,0,0,1,0,2,3
501,24,Female,2.92,0.7893946973486741,0.22848171407462137,0.4135327428488456,0.7050636659757181,Yes,Bachelor,9.17,Yes,0.75,No,F,Older,Medium,1,1,1,0,1,0
502,23,Male,4.73,0.5732866433216608,0.5554118950868121,0.0,0.7488895469351498,Yes,PhD,5.26,No,0.25,Yes,C,Older,Medium,0,1,0,1,3,2
503,20,Male,5.21,0.6588294147073537,0.46545991872922055,0.6606650210541598,0.5106603494225644,Yes,Bachelor,6.04,Yes,0.0,No,D,Young,Medium,0,1,1,0,1,1
504,21,Female,2.17,0.25212606303151586,0.8097524935352789,0.3712792217220851,0.6421379923008588,Yes,PhD,4.69,No,0.25,Yes,F,Middle,Low,1,1,0,1,3,0
505,22,Female,3.92,0.22011005502751368,0.648688585149612,0.6796863656163785,0.48948771098608224,Yes,High School,8.99,Yes,1.0,No,B,Middle,Medium,1,1,1,0,0,3
506,18,Male,4.29,0.4882441220610305,0.4299963058736609,0.6754755336140554,0.4238969499555819,Yes,High School,6.06,No,0.625,No,D,Young,Medium,0,1,0,0,0,1
507,22,Male,4.28,0.7376188094047023,0.6957886959734023,0.613765064614491,0.9557299378146284,Yes,High School,5.01,Yes,0.625,No,F,Middle,Medium,0,1,1,0,0,0
508,21,Female,4.25,0.5252626313156581,0.46638345031400075,0.9994191955858862,0.6123778501628663,Yes,PhD,6.39,Yes,0.375,No,F,Middle,Medium,1,1,1,0,3,0
509,21,Male,3.4,0.03251625812906456,0.7227558182489839,0.5402933062291273,0.698104826769322,Yes,High School,5.61,No,0.875,No,F,Middle,Medium,0,1,0,0,0,0
510,21,Female,4.42,0.8686843421710853,0.49445881049131857,0.5145927109046027,0.7710986082321589,Yes,High School,6.4,No,0.5,No,A,Middle,Medium,1,1,0,0,0,4
511,22,Female,4.93,0.06453226613306651,0.7330993719985222,0.6834615943081166,0.6151909979271544,Yes,High School,7.04,Yes,0.75,Yes,C,Middle,Medium,1,1,1,1,0,2
512,24,Female,4.21,0.9559779889944973,0.6187661618027336,0.5546682154784375,0.6388806633106308,Yes,High School,7.8,Yes,1.0,Yes,D,Older,Medium,1,1,1,1,0,1
513,21,Female,4.76,0.025012506253126565,1.0,0.7666618266298824,0.34409238969499567,No,Bachelor,6.83,No,0.5,No,D,Middle,Medium,1,0,0,0,1,1
514,23,Male,5.49,0.6945972986493247,0.52844477281123,0.34325540874110644,0.38643766656795975,Yes,High School,7.03,No,0.5,Yes,D,Older,Medium,0,1,0,1,0,1
515,22,Female,1.22,0.08204102051025508,0.6089767270040634,0.34615943081167416,0.374888954693515,Yes,High School,6.42,Yes,0.375,No,F,Middle,Low,1,1,1,0,0,0
516,21,Male,5.42,0.9109554777388698,0.4497598817879569,0.697836503557427,0.719869706840391,Yes,Bachelor,5.49,Yes,0.625,Yes,C,Middle,Medium,0,1,1,1,1,2
517,23,Female,4.51,0.46448224112056025,0.5387883265607682,0.3614055466821548,0.6011252591057152,Yes,Bachelor,5.15,No,0.125,Yes,B,Older,Medium,1,1,0,1,1,3
518,24,Male,2.33,0.1373186593296647,0.03915773919468035,0.6705386960940902,0.38643766656795975,Yes,PhD,6.64,No,0.25,No,D,Older,Low,0,1,0,0,3,1
519,20,Female,5.2,0.3406703351675837,0.6243073513114148,0.6288659793814433,0.7142434113118152,Yes,Master,7.08,No,0.0,Yes,C,Young,Medium,1,1,0,1,2,2
520,24,Male,3.4,0.16458229114557277,0.7862947912818619,0.4434441701756933,0.7061000888362454,Yes,High School,6.56,No,0.125,No,C,Older,Medium,0,1,0,0,0,2
521,21,Male,3.61,0.17033516758379164,0.611562615441448,0.628430376070858,0.43115190997927155,Yes,High School,5.19,No,0.125,Yes,A,Middle,Medium,0,1,0,1,0,4
522,22,Female,3.24,0.9482241120560282,0.2955301071296639,0.3492086539857702,0.5792123186259994,No,High School,7.2,Yes,0.875,No,D,Middle,Medium,1,0,1,0,0,1
523,19,Female,4.45,0.44522261130565277,0.3900997414111562,0.39015536518077537,0.7069884512881255,Yes,PhD,8.63,Yes,0.875,Yes,F,Young,Medium,1,1,1,1,3,0
524,21,Female,2.82,0.7888944472236119,0.08939785740672335,0.5230143749092493,0.39472904945217646,Yes,High School,6.89,No,0.125,No,C,Middle,Low,1,1,0,0,0,2
525,19,Female,5.35,0.639569784892446,0.7190616919098634,0.5781907942500362,0.711134142730234,No,Master,6.42,Yes,0.625,Yes,C,Young,Medium,1,0,1,1,2,2
526,23,Male,3.79,0.6765882941470736,0.3522349464351682,0.5115434877305067,0.652354160497483,Yes,Bachelor,6.94,Yes,0.5,No,B,Older,Medium,0,1,1,0,1,3
527,20,Female,3.45,0.1315657828914456,0.532877724418175,0.6399012632496006,0.36348830322771686,Yes,PhD,5.9,No,0.25,Yes,A,Young,Medium,1,1,0,1,3,4
528,18,Male,5.13,0.23411705852926468,0.50978943479867,0.6320604036590676,0.6342907906425821,Yes,Bachelor,5.83,Yes,0.5,No,C,Young,Medium,0,1,1,0,1,2
529,24,Male,3.52,0.7868934467233615,0.8130772072404875,0.8308407143894292,0.6665679597275689,No,High School,7.45,Yes,0.5,Yes,C,Older,Medium,0,0,1,1,0,2
530,20,Female,5.42,0.9709854927463732,0.5539342445511635,0.5478437636126035,0.44640213206988455,Yes,High School,7.99,Yes,0.5,No,F,Young,Medium,1,1,1,0,0,0
531,21,Male,5.47,0.26263131565782905,0.6876616180273365,0.7724698707710178,0.4638732602901984,Yes,High School,6.85,No,0.25,Yes,F,Middle,Medium,0,1,0,1,0,0
532,19,Male,2.0,0.2713856928464231,0.6390838566678978,0.7248439088137069,0.3614154575066627,Yes,Master,5.03,No,0.25,No,B,Young,Low,0,1,0,0,2,3
533,24,Male,5.66,0.47298649324662345,0.7892500923531585,0.9641353274284883,0.4857862007699141,Yes,Master,7.35,Yes,0.375,No,B,Older,Medium,0,1,1,0,2,3
534,19,Male,1.81,0.9839919959979988,0.4940893978574066,0.5421809205749963,0.5827657684335208,Yes,PhD,9.07,Yes,0.75,No,B,Young,Low,0,1,1,0,3,3
535,22,Female,5.76,0.26888444222111074,0.8836350203176948,0.4912153332365325,0.4644655019247853,Yes,Bachelor,6.76,Yes,0.125,No,F,Middle,Medium,1,1,1,0,1,0
536,19,Female,7.04,0.4069534767383691,0.17140746213520508,0.7835051546391751,0.255700325732899,Yes,High School,6.82,Yes,0.375,Yes,F,Young,High,1,1,1,1,0,0
537,22,Female,5.31,0.8916958479239621,0.6965275212412263,0.6316248003484826,0.4324844536570921,Yes,High School,6.13,Yes,0.375,Yes,A,Middle,Medium,1,1,1,1,0,4
538,23,Female,0.76,0.0027513756878438933,0.3780938308090136,0.7877159866414982,0.49274503997631025,Yes,High School,7.48,Yes,0.0,Yes,D,Older,Low,1,1,1,1,0,1
539,24,Male,5.6,0.03951975987993994,0.4471739933505725,0.689269638449252,0.7668048563814036,No,High School,6.33,No,0.875,No,D,Older,Medium,0,0,0,0,0,1
540,24,Male,7.37,0.6040520260130062,0.6433321019578868,0.19732829969507765,0.7175007403020432,No,Master,8.02,Yes,0.0,No,A,Older,High,0,0,1,0,2,4
541,18,Female,3.55,0.9077038519259628,0.6418544514222386,0.6300275882096702,0.7710986082321589,Yes,Bachelor,6.34,Yes,0.875,No,D,Young,Medium,1,1,1,0,1,1
542,21,Female,3.95,0.23861930965482725,0.6501662356852604,0.6185567010309279,0.4212318625999407,Yes,Bachelor,7.34,No,0.75,No,F,Middle,Medium,1,1,0,0,1,0
543,22,Female,2.22,0.46973486743371695,0.28223125230882884,0.5876288659793814,0.6168196624222684,Yes,PhD,6.95,Yes,1.0,No,D,Middle,Low,1,1,1,0,3,1
544,18,Male,4.47,0.45047523761880925,0.8058736608792019,0.5413097139538259,0.04723127035830621,Yes,Master,8.56,Yes,0.875,Yes,F,Young,Medium,0,1,1,1,2,0
545,19,Female,5.9,0.47298649324662345,0.3718138160325082,0.2869173805720923,0.6806336985490082,Yes,High School,7.41,Yes,0.5,Yes,A,Young,High,1,1,1,1,0,4
546,19,Female,5.05,0.6225612806403205,0.39656446250461763,0.7167126470161171,0.7210541901095646,Yes,Bachelor,8.39,Yes,0.875,Yes,B,Young,Medium,1,1,1,1,1,3
547,18,Female,8.71,0.46973486743371695,0.6560768378278536,0.629591984899085,0.5074030204323364,No,Bachelor,7.11,No,0.25,No,A,Young,High,1,0,0,0,1,4
548,24,Male,4.05,0.4474737368684343,0.4852234946435168,0.7563525482793667,0.6510216168196625,Yes,Master,6.83,Yes,0.75,No,D,Older,Medium,0,1,1,0,2,1
549,19,Male,1.55,0.4742371185592795,0.5951237532323606,0.29621025119790906,0.24903760734379632,Yes,PhD,6.96,No,0.375,No,F,Young,Low,0,1,0,0,3,0
550,23,Male,4.26,0.5907953976988494,0.13982268193572212,0.652824161463627,0.40746224459579505,Yes,PhD,6.23,Yes,0.5,No,D,Older,Medium,0,1,1,0,3,1
551,23,Male,0.38,0.5370185092546276,0.5906908016254155,0.5234499782198345,0.7554042049156058,Yes,High School,7.53,Yes,1.0,No,D,Older,Low,0,1,1,0,0,1
552,18,Male,3.2,0.8544272136068036,0.5785001847063169,0.5895164803252504,0.6989931892212022,Yes,PhD,6.31,No,0.75,No,B,Young,Medium,0,1,0,0,3,3
553,22,Male,6.44,0.04927463731865922,0.4440339859623199,0.5254827936692317,0.4939295232454841,Yes,Bachelor,7.11,Yes,0.375,No,D,Middle,High,0,1,1,0,1,1
554,22,Male,4.49,0.8334167083541772,0.15515330624307344,0.6590678089153477,0.76562037311223,Yes,PhD,7.86,No,0.625,Yes,B,Middle,Medium,0,1,0,1,3,3
555,18,Male,4.27,0.8441720860430215,0.4988917620982638,0.536082474226804,0.6160793603790347,No,High School,8.58,No,0.75,Yes,F,Young,Medium,0,0,0,1,0,0
556,22,Female,6.73,0.2848924462231117,0.5314000738825266,0.3811528967620154,0.47349718685223574,Yes,Bachelor,7.16,No,1.0,No,F,Middle,High,1,1,0,0,1,0
557,24,Female,3.59,0.46273136568284157,0.47044698928703355,0.5794976041817919,0.5448623038199587,No,PhD,7.86,Yes,0.375,No,B,Older,Medium,1,0,1,0,3,3
558,24,Male,5.89,0.4384692346173089,0.1991134096786109,0.5270800058080443,0.48430559668344686,Yes,PhD,7.74,Yes,0.25,No,A,Older,High,0,1,1,0,3,4
559,22,Male,4.19,0.21835917958979478,0.8328407831547839,0.5498765790620008,0.3224755700325733,Yes,Master,6.62,Yes,0.875,Yes,F,Middle,Medium,0,1,1,1,2,0
560,23,Female,4.57,0.39669834917458746,0.42020687107499066,0.009002468418759957,0.864524726088244,Yes,High School,9.11,Yes,0.0,Yes,A,Older,Medium,1,1,1,1,0,4
561,22,Male,2.17,0.04427213606803404,0.4972294052456594,0.6833163932045883,0.4592833876221498,Yes,PhD,6.42,No,1.0,No,F,Middle,Low,0,1,0,0,3,0
562,24,Male,3.28,0.2776388194097048,0.09327669006280004,0.5095106722811094,0.4005034053893989,Yes,Master,7.09,Yes,0.0,Yes,F,Older,Medium,0,1,1,1,2,0
563,20,Male,1.9,0.8169084542271134,0.8328407831547839,0.3294613039059097,0.2457802783535683,Yes,Bachelor,8.45,Yes,0.125,Yes,C,Young,Low,0,1,1,1,1,2
564,21,Female,3.86,0.2843921960980489,0.4519763575914295,0.7251343110207635,0.0,Yes,Master,8.43,No,0.875,Yes,D,Middle,Medium,1,1,0,1,2,1
565,19,Female,4.59,0.8184092046023013,0.5563354266715921,0.6753303325105271,0.7411904056855196,Yes,Master,7.01,No,1.0,No,D,Young,Medium,1,1,0,0,2,1
566,20,Female,2.33,0.5315157578789398,0.7452899889176208,0.5073326557281834,0.7616227420787682,Yes,PhD,7.99,Yes,0.75,Yes,A,Young,Low,1,1,1,1,3,4
567,22,Female,7.07,0.8799399699849926,0.41337273734761726,0.3635835632350806,0.8504589872668049,Yes,PhD,6.78,No,0.25,Yes,D,Middle,High,1,1,0,1,3,1
568,23,Female,4.42,0.5747873936968482,0.7161063908385665,0.5954697255699142,0.552265324252295,Yes,PhD,6.51,No,0.75,No,A,Older,Medium,1,1,0,0,3,4
569,18,Male,4.09,0.02951475737868936,0.15755448836350205,0.5858864527370409,0.5139176784127925,Yes,Master,5.79,No,0.625,No,F,Young,Medium,0,1,0,0,2,0
570,22,Female,5.15,0.6755877938969483,0.6400073882526782,0.7254247132278204,0.47260882440035534,Yes,Bachelor,7.72,No,0.125,Yes,C,Middle,Medium,1,1,0,1,1,2
571,23,Male,2.76,0.04452226113056512,0.8285925378647949,0.48714970233773786,0.49289310038495704,No,High School,7.83,No,0.25,No,C,Older,Low,0,0,0,0,0,2
572,21,Male,4.25,0.45047523761880925,0.4311045437753971,0.7726150718745461,0.8341723423156648,Yes,Master,6.43,Yes,0.5,Yes,F,Middle,Medium,0,1,1,1,2,0
573,22,Female,2.92,0.9297148574287144,0.7449205762837088,0.47030637432844496,0.5795084394432928,Yes,PhD,7.27,Yes,0.375,Yes,B,Middle,Medium,1,1,1,1,3,3
574,24,Female,6.34,0.16508254127063537,0.8769855929072774,0.32989690721649484,0.6693811074918568,Yes,High School,9.65,Yes,0.125,No,B,Older,High,1,1,1,0,0,3
575,18,Male,2.41,0.38969484742371185,0.4911340967861102,0.3670683897197618,0.4872668048563815,Yes,Bachelor,8.15,Yes,0.375,No,D,Young,Low,0,1,1,0,1,1
576,23,Male,4.09,0.7298649324662332,0.47580347247875876,0.5535066066502106,0.87873852531833,Yes,High School,6.1,Yes,0.875,Yes,A,Older,Medium,0,1,1,1,0,4
577,23,Male,4.49,0.8824412206103052,0.3723679349833764,0.5529258022360968,0.16242226828546047,No,PhD,8.0,Yes,0.5,No,C,Older,Medium,0,0,1,0,3,2
578,23,Female,4.59,0.6710855427713858,0.4440339859623199,0.6214607231014957,0.3143322475570033,No,Master,6.1,Yes,0.5,No,D,Older,Medium,1,0,1,0,2,1
579,21,Female,3.13,0.25812906453226603,0.3876985592907276,0.5487149702337737,0.6698252887177969,Yes,Master,4.1,No,0.25,Yes,F,Middle,Medium,1,1,0,1,2,0
580,22,Female,2.66,0.6745872936468236,0.3721832286664204,0.7347175838536373,0.9742374888954695,Yes,PhD,6.98,Yes,0.875,Yes,C,Middle,Low,1,1,1,1,3,2
581,21,Female,3.15,0.2966483241620812,0.759697081640192,0.5189487440104545,0.535386437666568,Yes,Master,8.56,Yes,0.625,Yes,A,Middle,Medium,1,1,1,1,2,4
582,19,Female,4.79,0.7186093046523259,0.3923162172146286,0.2164948453608247,0.39828249925969794,Yes,PhD,8.4,Yes,0.125,Yes,A,Young,Medium,1,1,1,1,3,4
583,19,Male,3.78,0.9542271135567781,0.5860731437015145,0.5433425294032235,0.8076695291679006,Yes,Master,7.38,No,0.125,Yes,B,Young,Medium,0,1,0,1,2,3
584,22,Female,5.19,0.7216108054027015,0.5452530476542297,0.2147524321184841,0.6573882143914718,Yes,Master,6.46,Yes,1.0,Yes,D,Middle,Medium,1,1,1,1,2,1
585,24,Male,4.72,0.8631815907953975,0.8149242704100481,0.6117322491650936,0.8719277465205804,Yes,Master,7.49,Yes,0.75,No,F,Older,Medium,0,1,1,0,2,0
586,21,Male,0.58,0.0017508754377186797,0.4453269301810121,0.7486568897923622,0.2987859046490968,Yes,Bachelor,6.73,No,1.0,No,C,Middle,Low,0,1,0,0,1,2
587,18,Male,4.37,0.7176088044022011,0.6086073143701514,0.392623783940758,0.8546046787089134,Yes,Bachelor,6.49,Yes,0.625,Yes,A,Young,Medium,0,1,1,1,1,4
588,23,Female,7.38,0.8296648324162081,0.6843369043221277,0.8115289676201538,0.24148652650281321,Yes,PhD,8.06,Yes,0.5,No,C,Older,High,1,1,1,0,3,2
589,23,Female,5.99,0.04027013506753363,0.8134466198743997,0.7111950050820386,0.5214687592537757,No,Bachelor,6.47,No,0.0,No,F,Older,High,1,0,0,0,1,0
590,22,Female,4.63,0.8716858429214609,0.4425563354266715,0.7746478873239437,0.6770802487414866,Yes,PhD,8.13,Yes,0.625,Yes,C,Middle,Medium,1,1,1,1,3,2
591,24,Male,2.41,0.25662831415707843,0.42408570373106746,0.5973573399157832,0.6267397098015992,No,High School,6.41,No,0.625,No,D,Older,Low,0,0,0,0,0,1
592,19,Male,4.72,0.6653326663331667,0.34207609900258573,0.39146217511253084,0.820994965946106,Yes,High School,9.06,Yes,0.25,No,B,Young,Medium,0,1,1,0,0,3
593,19,Male,5.11,0.8004002001000501,0.9512375323236053,0.7004501234209379,0.17974533609712762,Yes,Bachelor,5.36,Yes,0.25,Yes,C,Young,Medium,0,1,1,1,1,2
594,23,Male,3.62,0.6628314157078541,0.7938677502770595,0.45549586176854945,0.6168196624222684,No,High School,6.04,Yes,0.25,No,B,Older,Medium,0,0,1,0,0,3
595,22,Male,4.48,0.09204602301150566,0.5304765422977464,0.5848700450123419,0.8517915309446253,Yes,High School,6.84,No,0.25,No,F,Middle,Medium,0,1,0,0,0,0
596,21,Male,6.26,0.5962981490745372,0.8949021056520132,0.5344852620879919,0.5986082321587207,Yes,Master,5.02,No,0.75,Yes,B,Middle,High,0,1,0,1,2,3
597,19,Female,2.71,0.5495247623811905,0.5193941632803842,0.7604181791781617,0.33165531536867043,Yes,Master,4.43,No,0.125,No,C,Young,Low,1,1,0,0,2,2
598,21,Female,2.41,0.9004502251125563,0.6719615810860731,0.6915928561057063,0.8091501332543678,Yes,PhD,5.02,Yes,0.125,No,C,Middle,Low,1,1,1,0,3,2
599,24,Female,5.04,0.40420210105052523,0.5400812707794604,0.5503121823725861,0.44151613858454253,Yes,High School,6.71,Yes,0.25,No,A,Older,Medium,1,1,1,0,0,4
600,19,Female,4.69,0.32091045522761386,0.6117473217584042,0.22433570495135763,0.40242819070180635,No,PhD,6.73,No,0.75,Yes,C,Young,Medium,1,0,0,1,3,2
601,19,Male,5.54,0.7498749374687343,0.592168452161064,0.45375344852620886,0.37444477346757477,No,PhD,7.33,No,0.25,Yes,B,Young,Medium,0,0,0,1,3,3
602,20,Male,4.85,0.41270635317658844,0.45973402290358334,0.6870916218963263,0.5413088540124371,No,High School,6.8,Yes,0.75,No,A,Young,Medium,0,0,1,0,0,4
603,19,Female,3.15,0.6460730365182594,0.7399335057258958,0.6131842602003774,0.6261474681670123,Yes,Bachelor,7.3,Yes,1.0,No,C,Young,Medium,1,1,1,0,1,2
604,18,Male,4.65,0.6465732866433216,0.6704839305504247,0.30245389864962974,0.30352383772579217,Yes,High School,6.55,Yes,0.375,Yes,C,Young,Medium,0,1,1,1,0,2
605,22,Female,2.29,0.8881940970485243,0.7281123014407092,0.2496006969652969,0.34927450399763105,Yes,Master,7.71,Yes,0.75,Yes,F,Middle,Low,1,1,1,1,2,0
606,22,Female,3.62,0.5987993996998502,0.597340229035833,0.5985189487440103,0.43115190997927155,No,High School,7.59,No,1.0,No,A,Middle,Medium,1,0,0,0,0,4
607,21,Female,4.75,0.5022511255627813,0.3707055781307722,0.38028169014084506,0.3734083506070477,Yes,Bachelor,6.67,Yes,0.875,Yes,F,Middle,Medium,1,1,1,1,1,0
608,24,Male,3.46,0.138569284642321,0.8538973032877724,0.3969798170466095,0.5935741782647319,Yes,PhD,7.53,Yes,0.875,No,F,Older,Medium,0,1,1,0,3,0
609,19,Female,7.7,0.11555777888944463,0.4896564462504618,0.6815739799622476,0.6656795972756886,Yes,PhD,6.81,Yes,1.0,No,F,Young,High,1,1,1,0,3,0
610,18,Female,1.16,0.15407703851925958,0.6054673069818988,0.7739218818063018,0.6351791530944626,Yes,Master,5.48,Yes,0.5,Yes,D,Young,Low,1,1,1,1,2,1
611,21,Female,3.18,0.17158579289644837,0.6555227188769854,0.433570495135763,0.635475273911756,Yes,Master,7.9,Yes,0.5,Yes,F,Middle,Medium,1,1,1,1,2,0
612,20,Male,2.59,0.6380690345172586,0.6041743627632064,0.5565558298243065,0.9564702398578622,No,Master,6.09,Yes,0.25,No,B,Young,Low,0,0,1,0,2,3
613,21,Male,2.95,0.7411205602801401,0.7072404876246767,0.551473791200813,0.6795972756884809,No,PhD,7.89,Yes,0.5,No,C,Middle,Medium,0,0,1,0,3,2
614,21,Female,3.04,0.530015007503752,0.7364240857037312,0.5357920720197473,0.7595498963577141,Yes,Master,7.32,No,0.875,Yes,D,Middle,Medium,1,1,0,1,2,1
615,19,Male,2.01,0.8291645822911455,0.4966752862947912,0.5715115434877303,0.4933372816108973,Yes,High School,6.92,No,0.5,No,F,Young,Low,0,1,0,0,0,0
616,20,Male,5.13,0.991495747873937,0.8383819726634649,0.6962392914186146,0.7950843944329287,No,PhD,5.12,No,0.375,Yes,C,Young,Medium,0,0,0,1,3,2
617,21,Male,3.18,0.82016008004002,0.4889176209826376,0.4469289966603745,0.48267693218833285,Yes,Bachelor,8.54,Yes,0.875,Yes,A,Middle,Medium,0,1,1,1,1,4
618,18,Male,4.25,0.6950975487743873,0.6004802364240858,0.29867866995789166,0.6767841279241931,Yes,PhD,6.64,No,0.75,Yes,A,Young,Medium,0,1,0,1,3,4
619,18,Male,3.35,0.5325162581290646,0.46656815663095674,0.8588645273704079,0.28087059520284274,Yes,High School,7.63,Yes,0.625,Yes,C,Young,Medium,0,1,1,1,0,2
620,22,Male,2.96,0.4487243621810906,0.41392685629848525,0.754174531726441,0.6222978975421971,Yes,High School,6.89,Yes,0.5,Yes,B,Middle,Medium,0,1,1,1,0,3
621,20,Male,6.51,0.08429214607303659,0.7310676025120058,0.37215042834325535,0.36881847793899913,Yes,Master,6.73,Yes,0.5,No,C,Young,High,0,1,1,0,2,2
622,20,Male,5.38,0.39919959979989983,1.0,0.5880644692899664,0.7933076695291681,Yes,PhD,7.19,Yes,0.125,Yes,C,Young,Medium,0,1,1,1,3,2
623,22,Male,1.2,0.9104552276138067,0.47137052087181375,0.7405256279947725,0.7799822327509625,Yes,PhD,7.03,No,0.375,Yes,D,Middle,Low,0,1,0,1,3,1
624,21,Male,1.04,0.8081540770385192,0.7626523827114888,0.6949324814868592,0.48178856973645245,Yes,PhD,6.73,Yes,0.875,Yes,A,Middle,Low,0,1,1,1,3,4
625,20,Female,5.56,0.2158579289644822,0.47801994828223116,0.6448381007695658,1.0,No,Bachelor,6.94,Yes,0.875,Yes,A,Young,Medium,1,0,1,1,1,4
626,18,Female,3.22,0.46648324162081023,0.5363871444403399,0.5347756642950485,0.5219129404797156,Yes,Master,7.43,No,0.0,Yes,F,Young,Medium,1,1,0,1,2,0
627,18,Male,1.53,0.8169084542271134,0.8629479128186184,0.8653985770291854,0.22742078768137397,Yes,High School,7.5,No,0.125,Yes,C,Young,Low,0,1,0,1,0,2
628,19,Female,5.57,0.0672836418209104,0.33985962319911356,0.602874981849862,0.4123482380811372,Yes,High School,7.04,No,0.5,Yes,C,Young,Medium,1,1,0,1,0,2
629,20,Female,4.25,0.38744372186093035,0.29109715552271886,0.4746624074342965,0.35356825584838625,Yes,Master,7.62,Yes,1.0,No,B,Young,Medium,1,1,1,0,2,3
630,21,Male,4.38,0.8519259629814906,0.5221647580347246,0.7161318426020038,0.6696772283091501,Yes,High School,6.58,No,0.75,No,A,Middle,Medium,0,1,0,0,0,4
631,22,Male,5.21,0.4039519759879939,0.6608792020687106,0.581094816320604,0.31107491856677527,No,High School,9.22,Yes,0.5,No,B,Middle,Medium,0,0,1,0,0,3
632,22,Male,2.04,0.07728864432216098,0.6239379386775028,0.6253811528967619,0.46564998519395906,Yes,Master,8.49,Yes,0.0,No,D,Middle,Low,0,1,1,0,2,1
633,21,Female,1.55,0.5425212606303154,0.6049131880310306,0.5998257586757658,0.6553153686704176,Yes,High School,7.76,No,0.625,Yes,F,Middle,Low,1,1,0,1,0,0
634,24,Female,6.37,0.8619309654827414,0.5445142223864057,0.650936547117758,0.6162274207876814,Yes,PhD,5.06,No,0.875,No,B,Older,High,1,1,0,0,3,3
635,23,Male,1.84,0.5902951475737868,0.6835980790543037,0.39393059387251333,0.5826177080248742,Yes,Bachelor,7.61,No,0.75,Yes,A,Older,Low,0,1,0,1,1,4
636,19,Male,2.17,0.22611305652826408,0.0,0.31160156817191814,0.6134142730233936,Yes,Master,6.66,Yes,0.125,No,D,Young,Low,0,1,1,0,2,1
637,22,Male,2.47,0.38419209604802407,0.39951976357591423,0.8142877885871931,0.5031092685815812,No,Bachelor,6.02,Yes,0.5,No,C,Middle,Low,0,0,1,0,1,2
638,20,Female,7.12,0.44997498749374687,0.5208718138160324,0.6079570204733555,0.22919751258513466,No,High School,6.64,Yes,0.375,Yes,D,Young,High,1,0,1,1,0,1
639,19,Female,4.74,0.5792896448224112,0.6684521610639083,0.6987077101785972,0.4973349126443589,Yes,High School,6.13,Yes,1.0,Yes,B,Young,Medium,1,1,1,1,0,3
640,20,Female,5.45,0.7593796898449225,0.8134466198743997,0.2577319587628866,0.6895173230678118,No,PhD,7.51,Yes,0.0,No,A,Young,Medium,1,0,1,0,3,4
641,24,Female,4.29,0.09854927463731866,0.374769117103805,0.7502541019311746,0.5550784720165829,Yes,Master,8.62,Yes,0.625,No,B,Older,Medium,1,1,1,0,2,3
642,18,Male,3.1,0.8899449724862434,0.8073513114148503,0.47350079860606936,0.6723423156647914,Yes,High School,7.83,No,0.25,No,C,Young,Medium,0,1,0,0,0,2
643,19,Male,4.95,0.012006003001500787,0.4545622460288141,0.4239872223028895,0.4551376961800415,Yes,Master,9.76,Yes,1.0,No,C,Young,Medium,0,1,1,0,2,2
644,22,Male,1.67,0.3699349674837418,0.514222386405615,0.553361405546682,0.8063369854900799,Yes,Master,5.45,No,0.5,Yes,A,Middle,Low,0,1,0,1,2,4
645,19,Male,2.36,0.02726363181590785,0.6455485777613594,0.39393059387251333,0.01776724903760729,Yes,Master,6.49,No,0.625,No,F,Young,Low,0,1,0,0,2,0
646,19,Female,5.1,0.39294647323661835,0.500738825267824,0.5641062872077827,0.6168196624222684,No,Master,6.06,No,1.0,No,D,Young,Medium,1,0,0,0,2,1
647,19,Female,1.96,0.5257628814407203,0.7432582194311044,0.540583708436184,0.8849570624814926,Yes,Master,8.23,No,1.0,No,D,Young,Low,1,1,0,0,2,1
648,23,Male,3.72,0.5117558779389695,0.46342814924270415,0.7490924931029475,0.9181225940183595,Yes,Bachelor,6.78,No,0.875,No,C,Older,Medium,0,1,0,0,1,2
649,19,Male,3.78,0.16558279139569776,0.46619874399704453,0.8280818934223899,0.5339058335801006,Yes,PhD,7.19,Yes,1.0,No,B,Young,Medium,0,1,1,0,3,3
650,20,Female,3.21,0.6458229114557277,0.7325452530476542,0.8225642514883111,0.29093870299082025,Yes,Master,7.63,Yes,0.375,Yes,B,Young,Medium,1,1,1,1,2,3
651,18,Male,1.07,0.04452226113056512,0.39730328777244184,0.16988529112821255,0.8889546935149542,Yes,Bachelor,5.55,Yes,0.625,Yes,F,Young,Low,0,1,1,1,1,0
652,24,Female,3.06,0.7621310655327664,0.5842260805319541,0.4014810512559895,0.5738821439147173,Yes,High School,6.38,Yes,0.5,Yes,B,Older,Medium,1,1,1,1,0,3
653,21,Male,2.76,0.9469734867433717,0.23162172146287396,0.16799767678234362,0.5501924785312409,Yes,Master,8.0,No,0.5,Yes,D,Middle,Low,0,1,0,1,2,1
654,19,Male,4.24,0.3396698349174587,0.8743997044698928,0.3564687091621896,0.38717796861119336,Yes,High School,6.45,No,0.375,Yes,B,Young,Medium,0,1,0,1,0,3
655,22,Male,4.17,0.5172586293146573,0.7611747321758402,0.45128502976622625,0.30781758957654726,Yes,Master,5.29,No,0.125,No,F,Middle,Medium,0,1,0,0,2,0
656,19,Male,4.57,0.37893946973486736,1.0,0.6359808334543342,0.7106899615042936,Yes,Bachelor,6.1,Yes,0.625,Yes,D,Young,Medium,0,1,1,1,1,1
657,22,Male,2.99,0.006503251625813,0.7853712596970814,0.47379120081312615,0.7342315664791235,Yes,Bachelor,6.71,Yes,1.0,Yes,B,Middle,Medium,0,1,1,1,1,3
658,20,Male,4.78,0.38569284642321167,0.3295160694495751,0.47872803833309124,0.6301450992004738,Yes,Bachelor,7.17,Yes,0.0,No,D,Young,Medium,0,1,1,0,1,1
659,22,Male,1.67,0.7918959479739871,0.6618027336534908,0.596050529984028,0.4157536274800119,Yes,PhD,6.93,Yes,0.75,Yes,C,Middle,Low,0,1,1,1,3,2
660,21,Female,1.27,0.5960480240120063,0.36867380864425536,0.26658922607811825,0.3489783831803376,Yes,High School,6.39,No,0.625,Yes,C,Middle,Low,1,1,0,1,0,2
661,18,Female,0.5,0.10105052526263125,0.8297007757665311,0.4183243792652824,0.26739709801599054,Yes,PhD,7.94,No,0.25,Yes,C,Young,Low,1,1,0,1,3,2
662,22,Female,3.25,0.847423711855928,0.33487255264130034,0.47669522288369387,0.46091205211726394,No,Master,6.87,Yes,0.0,Yes,B,Middle,Medium,1,0,1,1,2,3
663,22,Female,2.87,0.5310155077538767,0.3260066494274103,0.5291128212574414,0.36200769914124964,Yes,High School,7.21,Yes,0.375,No,F,Middle,Low,1,1,1,0,0,0
664,18,Female,5.18,0.8419209604802402,0.24085703731067598,0.5777551909394512,0.20580396801895173,No,Bachelor,6.44,No,1.0,No,D,Young,Medium,1,0,0,0,1,1
665,21,Male,3.03,0.580290145072536,0.44809752493535293,0.8259038768694642,0.7300858750370152,Yes,High School,8.51,No,0.125,Yes,A,Middle,Medium,0,1,0,1,0,4
666,19,Male,4.41,0.5597798899449726,0.41097155522718865,0.7226658922607812,0.2924193070772876,Yes,Bachelor,6.61,No,0.25,No,C,Young,Medium,0,1,0,0,1,2
667,22,Female,5.22,0.10505252626313144,0.3051348356113779,0.4303760708581385,0.8039680189517324,Yes,PhD,7.07,No,0.125,Yes,C,Middle,Medium,1,1,0,1,3,2
668,18,Male,2.97,0.16708354177088536,0.9057997783524196,0.518803542906926,0.6729345572993781,No,PhD,8.03,Yes,0.125,No,A,Young,Medium,0,0,1,0,3,4
669,20,Female,4.45,0.9722361180590293,0.6361285555966012,0.5070422535211268,0.6508735564110157,Yes,Bachelor,7.28,No,0.875,No,A,Young,Medium,1,1,0,0,1,4
670,18,Female,5.5,0.2283641820910456,0.6143332101957888,0.47480760853782483,0.9552857565886883,Yes,Bachelor,7.26,No,0.25,No,B,Young,Medium,1,1,0,0,1,3
671,20,Male,2.14,0.9777388694347171,0.8317325452530475,0.611877450268622,0.2998223275096239,No,Master,5.03,No,0.75,No,D,Young,Low,0,0,0,0,2,1
672,21,Male,4.04,0.532016008004002,0.5855190247506465,0.24030782633948017,0.7795380515250223,Yes,PhD,7.68,No,0.875,No,C,Middle,Medium,0,1,0,0,3,2
673,19,Male,2.98,0.13556778389194601,0.39988917620982645,0.7178742558443443,0.5193959135327215,Yes,PhD,7.06,Yes,0.25,No,F,Young,Medium,0,1,1,0,3,0
674,18,Female,2.24,0.09904952476238105,0.22423346878463235,0.8594453317845214,1.0,Yes,Master,7.54,Yes,0.125,No,B,Young,Low,1,1,1,0,2,3
675,24,Male,1.7,0.20860430215107528,0.38954562246028823,0.5173515318716422,0.5008883624518805,Yes,PhD,7.18,Yes,0.875,No,B,Older,Low,0,1,1,0,3,3
676,24,Female,2.21,0.9259629814907453,0.8162172146287401,0.5140119064904893,0.46505774355937224,Yes,Bachelor,6.44,Yes,0.25,No,F,Older,Low,1,1,1,0,1,0
677,23,Female,4.09,0.4142071035517758,0.3064277798300703,0.5916944968781761,0.6798933965057743,Yes,High School,7.89,Yes,0.75,No,F,Older,Medium,1,1,1,0,0,0
678,22,Female,1.58,0.3954477238619307,0.6034355374953824,0.7419776390300565,0.5390879478827362,Yes,High School,7.2,Yes,0.0,No,F,Middle,Low,1,1,1,0,0,0
679,21,Male,3.17,0.31315657828914456,0.7292205393424456,0.507913460142297,0.41693811074918563,Yes,PhD,5.71,No,0.625,Yes,A,Middle,Medium,0,1,0,1,3,4
680,18,Male,5.22,0.1468234117058529,0.5908755079423715,0.7271671264701609,0.370002961208173,No,Master,8.31,No,1.0,No,C,Young,Medium,0,0,0,0,2,2
681,24,Female,4.67,0.48774387193596813,0.61193202807536,0.6494845360824741,0.909238969499556,No,Bachelor,5.57,No,0.25,Yes,A,Older,Medium,1,0,0,1,1,4
682,22,Male,3.2,0.12981490745372692,0.6594015515330625,0.9758966168142877,0.3270654427006219,Yes,High School,7.9,No,0.75,No,C,Middle,Medium,0,1,0,0,0,2
683,24,Male,6.53,0.8356678339169585,0.6082379017362394,0.5071874546246551,0.6350310926858158,Yes,Bachelor,8.49,Yes,0.625,Yes,A,Older,High,0,1,1,1,1,4
684,18,Male,6.84,0.37043521760880416,0.8354266715921685,0.22012487294903443,0.8199585430855789,Yes,PhD,5.89,No,0.875,Yes,D,Young,High,0,1,0,1,3,1
685,20,Female,4.04,0.37468734367183587,0.34613963797561853,0.3146507913460142,0.83076695291679,Yes,PhD,6.88,Yes,0.25,Yes,C,Young,Medium,1,1,1,1,3,2
686,18,Female,0.3,0.4739869934967482,0.5825637236793499,0.5664295048642369,0.4518803671898134,Yes,High School,6.78,No,0.25,No,B,Young,Low,1,1,0,0,0,3
687,23,Male,5.33,0.44422211105552756,0.20243812338381972,0.7434296500653403,0.5396801895173231,Yes,PhD,6.83,No,0.375,No,C,Older,Medium,0,1,0,0,3,2
688,18,Female,0.56,0.9949974987493748,0.15515330624307344,0.4507042253521127,0.4965946106011253,Yes,Master,8.83,No,0.25,No,C,Young,Low,1,1,0,0,2,2
689,18,Male,6.21,0.5455227613806901,0.523088289619505,0.5241759837374764,0.24444773467574765,Yes,PhD,5.91,Yes,1.0,No,C,Young,High,0,1,1,0,3,2
690,23,Male,5.63,0.08804402201100547,0.63852973771703,0.6837519965151735,0.7047675451584248,Yes,PhD,6.69,No,0.375,Yes,D,Older,Medium,0,1,0,1,3,1
691,21,Male,6.66,0.6070535267633819,0.8394902105652013,0.3962538115289676,0.5940183594906723,No,PhD,8.5,Yes,0.625,No,A,Middle,High,0,0,1,0,3,4
692,18,Male,4.39,0.15132566283141569,0.9852234946435168,0.4578190794250036,0.905389398874741,Yes,Bachelor,6.68,Yes,0.875,No,B,Young,Medium,0,1,1,0,1,3
693,23,Female,3.46,0.030765382691345655,0.7820465459918728,0.3609699433715697,0.40257625111045303,Yes,Bachelor,6.06,No,0.875,No,A,Older,Medium,1,1,0,0,1,4
694,22,Female,3.32,0.9709854927463732,0.672515700036941,0.7697110498039785,0.8272135031092687,Yes,High School,7.26,Yes,0.5,No,A,Middle,Medium,1,1,1,0,0,4
695,20,Female,3.18,0.7736368184092046,0.5677872183228665,0.8330187309423551,0.8429079064258218,Yes,High School,7.81,Yes,0.5,No,F,Young,Medium,1,1,1,0,0,0
696,20,Male,5.47,0.9802401200600301,0.255448836350203,0.2892405982285465,0.5959431448030796,Yes,High School,6.61,No,0.625,No,D,Young,Medium,0,1,0,0,0,1
697,18,Male,5.07,0.47798899449724863,0.5112670853343184,0.5395673007114854,0.10334616523541607,Yes,PhD,7.55,No,0.75,No,F,Young,Medium,0,1,0,0,3,0
698,21,Male,4.18,0.5322661330665333,0.7765053564831919,0.8096413532742848,0.47157240153982827,Yes,Bachelor,5.62,No,0.75,No,D,Middle,Medium,0,1,0,0,1,1
699,21,Female,2.92,0.16808404202101057,0.7041004802364241,0.6338028169014083,0.9820846905537461,Yes,Master,5.68,No,0.375,Yes,A,Middle,Medium,1,1,0,1,2,4
700,22,Male,7.94,0.24687343671835915,0.3007018840044329,0.47916364164367636,0.6514657980456025,Yes,PhD,6.56,No,0.625,Yes,A,Middle,High,0,1,0,1,3,4
701,18,Female,5.37,0.8386693346673337,0.6516438862209086,0.29504864236968203,0.7394136807817591,Yes,PhD,7.59,No,0.75,No,D,Young,Medium,1,1,0,0,3,1
702,20,Female,1.6,0.3561780890445223,0.6357591429626892,0.7653550166981269,0.5655907610305004,No,PhD,7.76,Yes,0.5,No,A,Young,Low,1,0,1,0,3,4
703,21,Female,3.23,0.8269134567283642,0.6028814185445142,0.6272687672426309,0.5358306188925082,Yes,Master,5.82,No,0.5,No,A,Middle,Medium,1,1,0,0,2,4
704,18,Female,5.4,0.7091045522761381,0.533062430735131,0.3076811383766516,0.1707136511696773,Yes,High School,7.72,No,0.125,No,B,Young,Medium,1,1,0,0,0,3
705,24,Female,2.8,0.17708854427213616,0.6612486147026226,0.7717438652533759,0.7619188628960616,No,Master,7.17,Yes,0.75,Yes,F,Older,Low,1,0,1,1,2,0
706,21,Female,4.53,0.5075037518759378,0.6669745105282601,0.28561057064033685,0.8252887177968613,Yes,High School,6.12,No,0.625,Yes,F,Middle,Medium,1,1,0,1,0,0
707,23,Male,5.43,0.6775887943971983,0.41983745844107867,0.5259183969798169,0.3742967130589281,Yes,Master,5.67,Yes,0.0,No,F,Older,Medium,0,1,1,0,2,0
708,24,Male,0.0,0.2348674337168586,0.6222755818248984,0.5182227384928124,0.5457506662718388,Yes,Bachelor,7.23,No,0.375,Yes,C,Older,Low,0,1,0,1,1,2
709,21,Female,3.84,0.8309154577288647,0.5033247137052086,0.8463772324669667,0.5156944033165533,Yes,PhD,8.29,No,0.25,Yes,B,Middle,Medium,1,1,0,1,3,3
710,20,Female,3.9,0.5447723861930966,0.26357591429626903,0.5189487440104545,0.6787089132366004,Yes,PhD,7.04,Yes,0.25,No,F,Young,Medium,1,1,1,0,3,0
711,19,Male,3.38,0.16508254127063537,0.4344292574806057,0.5182227384928124,0.4644655019247853,Yes,PhD,6.07,No,0.75,No,F,Young,Medium,0,1,0,0,3,0
712,24,Female,4.45,0.5830415207603798,0.2493535278906538,0.32684768404239867,0.7922712466686408,No,High School,5.13,Yes,0.375,No,B,Older,Medium,1,0,1,0,0,3
713,22,Female,4.99,1.0,0.7192463982268194,0.4528822419050385,0.6012733195143618,No,Master,8.53,No,0.875,Yes,A,Middle,Medium,1,0,0,1,2,4
714,22,Male,4.21,0.15032516258129047,0.6039896564462504,0.421954406853492,0.019247853124074565,Yes,Bachelor,8.04,No,1.0,Yes,F,Middle,Medium,0,1,0,1,1,0
715,20,Female,3.44,0.8169084542271134,0.47266346509050616,0.4311020763757804,0.6837429671305892,Yes,Master,7.3,Yes,0.25,No,A,Young,Medium,1,1,1,0,2,4
716,21,Female,4.95,0.20710355177588813,0.8007018840044329,0.5655582982430665,0.8067811667160203,Yes,PhD,8.48,No,0.5,No,F,Middle,Medium,1,1,0,0,3,0
717,18,Female,4.07,0.7826413206603302,0.5507942371629111,0.14026426600842162,0.32958246964761617,Yes,Bachelor,7.22,No,0.375,Yes,D,Young,Medium,1,1,0,1,1,1
718,21,Male,3.65,0.7346173086543271,0.273919468045807,0.3012922898214026,0.6761918862896061,Yes,Bachelor,6.47,Yes,0.625,Yes,C,Middle,Medium,0,1,1,1,1,2
719,20,Male,2.03,0.30040020010004986,0.45714813446619873,0.5450849426455642,0.9918566775244302,Yes,PhD,7.56,No,0.375,No,F,Young,Low,0,1,0,0,3,0
720,22,Male,1.66,0.32566283141570795,0.8398596231991133,0.5855960505299838,0.6103050044418123,No,Master,6.17,Yes,0.875,Yes,D,Middle,Low,0,0,1,1,2,1
721,21,Female,2.0,0.792646323161581,0.4146656815663097,0.5237403804268912,0.8389102753923603,No,PhD,6.0,No,0.25,No,B,Middle,Low,1,0,0,0,3,3
722,22,Female,4.42,0.4614807403701848,0.5890284447728111,0.5572818353419486,0.4872668048563815,Yes,Master,7.77,Yes,0.5,No,D,Middle,Medium,1,1,1,0,2,1
723,24,Male,3.88,0.7308654327163584,0.6756557074251939,0.49310294758240164,0.5814332247557004,Yes,Bachelor,7.86,No,0.0,Yes,B,Older,Medium,0,1,0,1,1,3
724,18,Female,1.78,0.1478239119559781,0.6472109346139638,0.561202265137215,0.5399763103346167,Yes,Bachelor,5.73,Yes,0.625,Yes,F,Young,Low,1,1,1,1,1,0
725,24,Female,4.97,0.8526763381690845,0.9905799778352418,0.640046464353129,0.49940775836541307,Yes,PhD,5.76,Yes,0.5,Yes,B,Older,Medium,1,1,1,1,3,3
726,22,Female,6.06,0.7111055527763881,0.3210195788695973,0.6388848555249018,0.5525614450695884,Yes,Bachelor,6.55,No,0.875,No,D,Middle,High,1,1,0,0,1,1
727,22,Female,3.1,0.9072036018009006,0.3394902105652011,0.44431537679686356,0.22327509623926556,Yes,High School,6.29,No,1.0,No,C,Middle,Medium,1,1,0,0,0,2
728,19,Female,1.39,0.13206603301650843,0.3239748799408939,0.7238275010890083,0.5119928931003851,Yes,Bachelor,7.48,Yes,0.875,No,A,Young,Low,1,1,1,0,1,4
729,19,Male,2.94,0.5930465232616307,0.4835611377909126,0.5918396979817047,0.8825880959431447,Yes,High School,7.05,No,0.875,No,A,Young,Medium,0,1,0,0,0,4
730,24,Female,5.28,0.599049524762381,0.741226449944588,0.7791491215333237,0.37133550488599354,Yes,Bachelor,8.16,Yes,0.25,No,C,Older,Medium,1,1,1,0,1,2
731,23,Male,4.82,0.3534267133566784,0.34761728851126716,0.8139973863801364,0.3486822623630441,Yes,PhD,7.32,No,0.375,No,A,Older,Medium,0,1,0,0,3,4
732,24,Female,2.62,0.4584792396198101,0.7438123383819726,0.31305357920720195,0.5990524133846611,Yes,PhD,6.36,No,0.375,Yes,F,Older,Low,1,1,0,1,3,0
733,19,Male,6.28,0.03776888444222126,0.5446989287033615,0.41469435167707264,0.6101569440331656,Yes,High School,5.11,Yes,0.5,No,F,Young,High,0,1,1,0,0,0
734,22,Female,6.02,0.7458729364682339,0.3333949021056519,0.706112966458545,0.66923304708321,Yes,PhD,7.18,Yes,1.0,No,D,Middle,High,1,1,1,0,3,1
735,20,Male,2.9,0.5492746373186592,0.21481344661987434,0.27428488456512273,0.5601125259105717,No,Bachelor,5.29,No,1.0,No,D,Young,Low,0,0,0,0,1,1
736,24,Female,2.89,0.05752876438219112,0.2560029553010712,0.8118193698272107,0.6014213799230086,Yes,Bachelor,6.34,No,0.0,No,B,Older,Low,1,1,0,0,1,3
737,22,Male,3.11,0.6808404202101053,0.41521980051717766,0.5044286336576158,0.5075510808409831,Yes,PhD,6.28,No,0.875,Yes,D,Middle,Medium,0,1,0,1,3,1
738,20,Female,3.24,0.46673336668334175,0.5070188400443294,0.6645854508494264,0.30204323363932484,Yes,Bachelor,6.49,No,0.0,No,F,Young,Medium,1,1,0,0,1,0
739,20,Male,5.43,0.03426713356678346,0.7868489102327298,0.5440685349208654,0.5695883920639622,Yes,Master,5.68,No,0.125,Yes,D,Young,Medium,0,1,0,1,2,1
740,19,Female,4.64,0.9697348674337167,0.6858145548577761,0.3217656454189051,0.7463725199881552,Yes,Master,6.27,Yes,0.75,Yes,A,Young,Medium,1,1,1,1,2,4
741,24,Male,5.32,0.949224612306153,0.3832656076837828,0.7483664875853056,0.6998815516730827,Yes,Bachelor,8.15,No,0.875,No,B,Older,Medium,0,1,0,0,1,3
742,21,Male,5.01,0.5130065032516256,0.6137790912449206,1.0,0.19810482676932195,Yes,PhD,8.14,No,0.0,No,B,Middle,Medium,0,1,0,0,3,3
743,18,Female,6.57,0.09354677338669326,0.8433690432212779,0.4746624074342965,0.6413976902576253,Yes,High School,8.53,Yes,0.25,Yes,F,Young,High,1,1,1,1,0,0
744,19,Female,2.41,0.7546273136568287,0.8843738455855188,0.5082038623493537,0.38717796861119336,Yes,PhD,7.01,Yes,0.75,Yes,D,Young,Low,1,1,1,1,3,1
745,19,Male,4.57,0.4919959979989996,0.4802364240857038,0.10280238129809788,0.8945809890435297,Yes,High School,7.27,Yes,1.0,No,A,Young,Medium,0,1,1,0,0,4
746,21,Female,0.74,0.30240120060030007,0.7151828592537863,0.7999128793378829,0.6578323956174119,Yes,PhD,8.16,No,0.875,Yes,D,Middle,Low,1,1,0,1,3,1
747,18,Male,2.02,0.4914957478739368,0.7949759881787957,0.7232466966748947,0.7844240450103643,Yes,Bachelor,5.53,Yes,0.875,No,C,Young,Low,0,1,1,0,1,2
748,22,Male,3.89,0.5225112556278142,0.259881787957148,0.26237839407579505,0.5901687888658571,Yes,Master,7.81,Yes,1.0,No,D,Middle,Medium,0,1,1,0,2,1
749,23,Male,4.63,0.5627813906953478,0.4436645733284077,0.204588354871497,0.570772875333136,Yes,PhD,8.3,Yes,0.25,Yes,F,Older,Medium,0,1,1,1,3,0
750,24,Female,3.85,0.4412206103051528,0.9482822312523087,0.22477130826194275,0.9176784127924194,Yes,High School,6.11,Yes,0.875,No,D,Older,Medium,1,1,1,0,0,1
